id,name,email,age,address
1,Nicholas Randall,walkerrussell@rodriguez-peterson.org,27,"Unit 8298 Box 3056, DPO AE 66279"
2,Michelle Hoffman,andrew89@gutierrez-schultz.info,54,"166 Brian Mount, Davidshire, MA 07222"
3,Eric Mosley,wilsoneric@gmail.com,23,"30440 Christopher Trafficway Apt. 346, East Wyattfurt, MI 52799"
4,Gary Baird,amanda46@johnson-davis.info,55,"35093 Tanya Hill Apt. 381, North Michael, AR 86257"
5,Thomas Brown,njones@yahoo.com,24,"187 Swanson Union, Cannonfort, OR 52750"
6,Donald Decker,williamcunningham@yahoo.com,27,"20526 Michael Greens Suite 320, Victoriaborough, TN 00627"
7,David Lewis,chris82@roach.com,38,"PSC 7436, Box 7244, APO AE 53465"
8,Jennifer Castillo,drodriguez@spencer.net,51,"69145 Victor Fords Suite 564, Vincentburgh, SC 94745"
9,Matthew Roberts,reyesjoshua@hotmail.com,55,"332 Tiffany Orchard Apt. 452, South Michaelberg, PA 63042"
10,Rebekah Glover,xclarke@hotmail.com,31,"41373 Montgomery Plaza Suite 440, Davidmouth, AZ 17697"
11,Michelle Raymond,xrogers@shelton.com,31,"447 Jeffery Fall Suite 588, South Laura, CO 84565"
12,William Ball,sherriwells@yahoo.com,31,"79817 Campbell Fork Apt. 262, Howardmouth, ME 13401"
13,Brittany Sanchez,bryan46@yahoo.com,50,"37308 Jason Track, Port Rickeyfort, MI 66530"
14,Ann Horton,reneemartin@hotmail.com,43,"6136 Joseph Courts Apt. 966, Port Moniqueville, IA 60929"
15,Jesse Jenkins,laurendalton@sheppard.biz,52,"2637 White Green Suite 192, Joshuaberg, AR 80819"
16,William Owens,rachelhouse@gutierrez.net,51,"7705 Marquez Mills Apt. 777, East Stevenborough, WA 51562"
17,Vickie Sutton,langcheryl@yahoo.com,36,"43876 Berger Knoll, Jessicafort, ND 46783"
18,Kristen Montes,lperez@bryant.com,24,"USNS Young, FPO AE 01070"
19,Caroline Ramirez,jenna20@yahoo.com,23,"Unit 6467 Box 0589, DPO AA 70796"
20,Jessica Hall,dillondunn@mathews.com,22,"054 Dennis Plains Apt. 516, East Angela, SD 92130"
21,Kimberly Woods,epeterson@aguirre-rhodes.com,32,"9705 Andrew Course, Markfort, MS 23539"
22,Tracy Vazquez,elainejones@hotmail.com,19,"04958 Stephanie Inlet Apt. 024, New Tiffanyton, ID 59708"
23,Scott Leon,zamoradavid@yahoo.com,52,"893 Joseph Bridge Apt. 214, New Trevor, KS 39249"
24,Kimberly Holloway,james71@gmail.com,26,"433 Carl Squares, New Kennethshire, ME 01291"
25,James Lucero,steven57@yahoo.com,38,"3159 Lutz Spring, New Christopherfort, WV 40395"
26,Jennifer Le,dorisguerra@hotmail.com,57,"3196 Lopez Crest, Matthewsberg, GA 22710"
27,Lori Robles,carllane@gmail.com,28,"92776 Alicia Common, Beanburgh, MS 34785"
28,John Shaffer,paul28@johnson-jackson.org,25,"508 Toni Vista Suite 040, Rogersberg, FL 37410"
29,Richard Miller,rebecca14@hotmail.com,41,"473 Walker Trafficway Suite 443, Jonesbury, AZ 07677"
30,Nicholas Butler,tsharp@gmail.com,33,"2468 Hampton Stravenue, Allisonborough, CA 97559"
31,James Ferguson,dawn37@baker.biz,47,"152 Lori Squares Apt. 317, South Makayla, ME 30179"
32,Kimberly Carlson,andrewwilliams@long-willis.com,37,"077 Laura Spurs Suite 589, Aaronchester, NY 20346"
33,Robert Ayers,william55@richardson.com,60,"587 Amanda Walk Suite 785, North Sean, RI 00568"
34,Nathaniel Gardner,stephensonedward@martin.net,22,"8940 Pittman Junctions Apt. 516, Ericksonville, OR 78582"
35,Sierra Palmer,steven97@turner.com,25,"282 Michelle Rapids Apt. 207, Ochoaland, NV 95726"
36,Tyler Mann,vwilkerson@yahoo.com,39,"01534 Micheal Ville Suite 194, Conwayside, WI 14151"
37,William Gutierrez,ferrellwillie@hotmail.com,57,"6805 James Lights, Smithview, FL 73196"
38,Lisa Durham DDS,jbaker@yahoo.com,53,"7328 Hawkins Mount Apt. 510, Port Thomashaven, IA 70506"
39,Stephen Logan,victoriaturner@friedman-lyons.info,33,"PSC 5683, Box 8037, APO AA 21277"
40,Nathan Walter,nbowman@greene.info,21,"82113 Jennings Cove, Carlsonshire, DE 46090"
41,Sean Kaufman,odunn@gomez-fernandez.com,25,"005 Erik Gardens, Fieldsport, IA 74187"
42,Steven Mueller,peter10@baxter.com,60,"05481 Davis Common, Port Billymouth, CT 73116"
43,Angela Lee,daniel39@hotmail.com,53,"8324 Craig Manors, North Jamesmouth, OH 98379"
44,Cristina Thomas,joseph23@cooper.com,18,"534 Thomas Falls Apt. 028, Kellyside, KY 20065"
45,Mr. Kevin Smith,kingjill@gmail.com,53,"66646 Brittany Rest Apt. 078, East Brookeview, TN 60470"
46,Kevin Scott,vjones@obrien.com,60,"574 Sean Haven, Lake Terriside, MT 54339"
47,Allison Stewart,goodwinmelissa@hotmail.com,59,"353 Gibson Square, Johnbury, IN 14515"
48,Gregory Johnson,gailmccarthy@gmail.com,35,"328 Alan Spring, North Nancy, MI 40215"
49,Dawn Martinez,tiffany59@moore-glover.net,48,"Unit 3032 Box 1006, DPO AE 43474"
50,Nathan Robles,richardclark@gmail.com,38,"0153 Rojas Trace, Duncanberg, AL 69615"
51,Molly Lewis,karaellis@oliver.com,31,"3659 Caitlyn Cape Apt. 506, Carpenterbury, GA 14882"
52,Meghan Lowery,csmith@deleon.com,45,"03879 Raymond Parkways, North Jasonville, VT 24641"
53,Mitchell Chang,dcarter@owen.com,19,"72551 Jennifer Fords Suite 626, Mendozachester, ND 17021"
54,Olivia Munoz,rarmstrong@bruce-munoz.biz,46,"966 Michael Flats Apt. 544, Millerfurt, IA 81219"
55,Christopher Powell,jenny21@sellers.com,43,"8149 George Vista Apt. 900, South Paulshire, SD 51233"
56,Mark Cooper,lisa98@hotmail.com,25,"42641 Jones Union Suite 540, Lake Jennifer, MI 93795"
57,Daniel Olson,robertsandrew@campbell.biz,38,"PSC 7970, Box 8438, APO AE 51790"
58,Ellen Smith,fboyer@yahoo.com,47,"46005 Church Rapids, Stevenston, VT 93074"
59,Zachary Burns,gonzalesadam@moore.com,54,"19550 Kelly Mount Apt. 983, Saraport, IL 84227"
60,Crystal Guzman,christian45@patel.biz,33,"0251 Nunez View Suite 454, Jamesside, KS 64949"
61,Sara Thompson,vvilla@gmail.com,35,"USNV Rivera, FPO AE 66743"
62,Samuel Smith,susanbarnett@edwards-meyer.com,49,"PSC 5614, Box 9878, APO AA 78876"
63,Alexandria Martinez,julia30@gmail.com,45,"PSC 7574, Box 9536, APO AP 54394"
64,Kelly Norton,wsimon@wells.com,47,"92829 Gabriel Glen Apt. 398, New Jane, TN 58516"
65,Lori Sheppard,chelsey46@flowers.com,40,"670 Williams Lodge Suite 569, Riveraland, WI 09475"
66,Donna Miller,smithstephanie@boyd.biz,43,"77666 Rivers Coves Suite 076, Meghanfurt, ND 74557"
67,Lisa Murray,gaineslori@hotmail.com,27,"922 Lara Junction, South Jeanfort, IN 28793"
68,Linda Cooper,ashleynorris@may.net,40,"878 Isabella Manors, New Jacqueline, KS 30044"
69,Joseph Henderson,whitekaren@mccormick-mosley.com,22,"4648 Garcia Courts, Rogertown, IA 97565"
70,Alicia Ramirez,rebeccacole@hotmail.com,47,"5394 Banks Summit Suite 256, New Steven, FL 14134"
71,Kelly Andrews,patricklynn@espinoza-mckinney.biz,46,"33098 Bell Motorway Apt. 102, East Frank, CA 43203"
72,Ronald Alexander,russell32@yahoo.com,19,"7639 Sheena Ports, New Hunterfort, NC 50658"
73,Michelle Jones,jimmy00@keller.info,21,"Unit 0267 Box 0808, DPO AP 52671"
74,Diana Torres,coreybarnett@hotmail.com,25,"855 Miller Row, Scottside, NJ 53101"
75,Tamara Hill,baileydamon@haynes-fowler.com,36,"733 Schmidt Parks Suite 383, West Aprilhaven, NJ 04709"
76,Darius Pacheco,mccalljoe@gmail.com,23,"399 Kevin Drives, Archerchester, FL 40414"
77,Angela Brown,adam15@hotmail.com,20,"61153 Lisa Groves Apt. 941, Ianberg, AR 02844"
78,Paula Bennett,kaitlyn88@gmail.com,25,"763 Stokes Brooks, Sandrashire, SC 94862"
79,Brittany Campbell,brooke61@sutton.com,37,"04449 Andrew Turnpike, Edwardsshire, WY 63669"
80,Thomas Black,lsingh@saunders.org,38,"6246 Brian Points, North Tanyafurt, AR 03833"
81,Adam Berg,seanmckinney@johnson.com,43,"903 Andrew Burg, South Sergio, TN 52901"
82,Sue Mcconnell,teresariggs@atkins.com,35,"860 Randy Throughway, Baldwinville, NM 46855"
83,Amber Simmons,anthonylee@yahoo.com,51,"19281 Villarreal Radial, West Alexahaven, MI 39408"
84,Nathaniel Brennan,dorseyadam@fisher-monroe.com,53,"USNS Harding, FPO AA 46227"
85,Julie Garcia,kelly17@waters-snow.org,39,"36202 Anderson Inlet Suite 502, East Kristinebury, SD 99703"
86,Kendra Luna,wbenson@gmail.com,56,"4122 Harris Stravenue Suite 564, North Sara, CA 58226"
87,Jennifer Harvey,gvance@gmail.com,60,"5648 Donna Rue, Knoxhaven, NM 29299"
88,Adam Campbell,timothygriffin@morales.info,44,"94254 Patricia Coves Apt. 163, Owenschester, DE 76034"
89,Hannah Humphrey,richardmontgomery@miller-johnson.com,35,"462 Montgomery Circle Apt. 816, Lake Jenniferland, WI 17862"
90,Daniel Adams,johnsmaria@wheeler-chase.com,58,"USNS Ross, FPO AA 16906"
91,Anthony Dixon,thompsonelizabeth@gmail.com,21,"4469 Brianna Course Suite 339, South Jessica, IL 47454"
92,Wayne Burns,sharon55@hotmail.com,56,"604 Phillip Prairie Apt. 149, Mccarthybury, TX 79107"
93,Jamie Jacobson,brewerjeremy@yahoo.com,43,"1924 Diane Via, South Paul, SC 82606"
94,Danielle Miranda,ssherman@hotmail.com,41,"190 Andersen Run, South Markborough, NC 52749"
95,Jennifer Mueller,smithholly@gmail.com,37,"809 Michael Keys, Garnerburgh, OH 93612"
96,Robert Holloway,josephduke@gmail.com,20,"9319 Annette River, North Rebeccaberg, OR 16064"
97,Ryan Miranda,jlara@yahoo.com,57,"38205 Lewis Forest, Lake Julie, KY 79916"
98,Paul Bailey,adamcurtis@greene.com,40,"37324 Robinson Plains, Ruthmouth, TX 38478"
99,Brian Novak,ricardo19@gmail.com,48,"332 Samantha Burgs, Amandaville, ID 29177"
100,Devin Rodriguez,matthew48@hotmail.com,27,"7716 Montgomery Course, Kyleville, RI 19584"
101,Victoria Mcdonald,chandlerkevin@rowe-palmer.com,55,"42597 Ashley Flat, North Amberchester, WV 02735"
102,Stephen Cole,richmondcassidy@wood.com,47,"6685 Johnson Square, Wesleyhaven, VT 19627"
103,Lisa Cherry,cynthia00@yahoo.com,19,"297 Santiago Manors Apt. 179, Port Moniqueburgh, CA 08302"
104,Gloria Wilson,barbara70@yahoo.com,26,"PSC 5672, Box 3720, APO AE 90459"
105,Joshua Reilly,joshua44@yahoo.com,21,"49565 Todd Manors, North Caseychester, ID 55608"
106,Joel Carter,gonzalezdawn@medina.info,32,"37038 Soto Radial Suite 245, Josephfurt, TN 30612"
107,Toni Wright,woodjohn@gmail.com,56,"590 Steven Harbors Suite 247, Melissabury, MD 09901"
108,Lisa Henderson,glenkirk@hotmail.com,43,"8506 Gina Pass, Barrerastad, SC 43680"
109,Ann Martin,patrick77@medina.net,52,"3698 Berg Knoll Apt. 531, Smithfort, RI 24076"
110,Samantha Horn,allison53@sloan-newman.net,32,"0746 Macias Wells, Michealborough, OR 42054"
111,Monica Rivera,johnsonangela@kim-bennett.com,18,"578 Norton Hills, South Shawnland, MS 95365"
112,Karen Adams,hartmanthomas@gonzalez-bridges.org,60,"99143 Lindsey Pike Suite 582, Ryanhaven, WV 49227"
113,Carol Thompson,sethcross@payne.com,47,"878 Angela Route, Shaunmouth, FL 18542"
114,Kelly Stewart,stanleymatthew@hotmail.com,26,"6652 Jackson Parkway Apt. 060, Port Evelynfurt, OR 72115"
115,Mr. Keith Long,justinwhite@hotmail.com,53,"1955 Smith Drive, Lake Heatherfurt, MA 42848"
116,Kristen Walker,laurie79@wade.com,20,"79277 Julia Fords Apt. 764, East Brandon, GA 23033"
117,Jose Fuentes,owensallison@gmail.com,31,"263 Christina Dale, Michelleville, NC 24966"
118,Kyle Beard,gonzalezrichard@hotmail.com,25,"535 Alexandra Motorway, Port Larryshire, SD 18722"
119,Cheryl Gibson,williambates@stephens.info,57,"7662 Graham Village, Lake David, OH 61459"
120,Joy Powers,rochaelizabeth@stafford.com,49,"613 Jones Loop, West Jennifer, MA 90381"
121,Richard Ellis,sarahevans@gmail.com,48,"062 Watson Lodge Apt. 377, Lake Jessicaport, KY 64109"
122,Michelle Clark,ibenitez@gmail.com,35,"23888 Albert Orchard Suite 490, East Fernandotown, MS 24102"
123,Caleb Phillips,mgarcia@barrett.net,32,"Unit 5322 Box 2446, DPO AA 81973"
124,Christopher Jennings,nwalton@hotmail.com,51,"01133 Craig Brook, West Timothy, NY 92715"
125,Paul Howe,angela11@fleming-jones.com,18,"3841 King Square Suite 084, West Pamela, VA 71706"
126,Heidi Fuller,arosario@brown.com,44,"528 Costa Locks, Keithshire, IA 19294"
127,Michael Savage,frank37@montgomery.net,26,"63958 May Ford, Shawnbury, NV 88005"
128,Cheryl Valentine,abyrd@galvan.com,51,"76227 Eric Drive Suite 580, Jessicabury, ID 59609"
129,David Avery,scott70@green-wallace.info,46,"750 Wilson Expressway Apt. 963, Port Heather, MT 93275"
130,Cameron Murillo,vasquezmichael@gmail.com,55,"7807 Curtis Viaduct Apt. 505, Brookeview, AR 94484"
131,Joshua Carter,kimberlymckinney@williams-quinn.net,21,"3281 Gary Causeway Suite 413, Gregview, VT 68908"
132,David Torres,moconnor@vasquez-wilson.com,29,"249 Smith Corners, New Kristenhaven, IL 07635"
133,Benjamin King,ojones@bell-kirk.com,53,"4475 Edward Rest Apt. 960, Lake Haleyborough, UT 46285"
134,Mary Huynh,dlewis@maynard.org,49,"11310 Sheryl Circle Suite 037, Lake Cynthiaville, IA 47451"
135,Christopher Martinez,portersamuel@lee-miller.com,26,"29457 Lucas Vista Suite 133, Krystalborough, ID 85319"
136,Alejandro Shelton,schneideralexandra@nolan.com,19,"18761 Christine Streets Suite 192, Nicholsonview, ME 78049"
137,David Sanford,troysmith@yahoo.com,56,"10225 Michael Extensions, East Cindy, VT 35212"
138,Leslie Wilson,jacquelineponce@smith.com,53,"9370 Cortez Branch, New Danielview, VT 80116"
139,Michael Cline,bradley17@davis.net,40,"PSC 8604, Box 2199, APO AP 45526"
140,Rachel Wilson,huangerik@lynch.biz,37,"54695 Cole Bypass Suite 947, New Andrew, ME 32749"
141,Sherri Flynn,ramirezdenise@hotmail.com,52,"64352 Kelly Turnpike, Joanland, OH 15372"
142,Yesenia Glass,dcalhoun@gmail.com,45,"1386 Marisa Knoll Suite 813, South Tiffanymouth, KY 22540"
143,Willie Stanley,ychaney@yahoo.com,50,"84024 Brady Crossroad, Port Julie, NY 79004"
144,Sabrina Miller,changmichael@edwards-williams.com,34,"764 Melendez Crescent, Georgetown, MI 36063"
145,Jose Miller,johnbryant@gmail.com,41,"946 Harris Trafficway Suite 560, North Chelseaborough, AR 22489"
146,Cheryl Sanchez,hammonderik@yahoo.com,24,"764 Nguyen Oval Apt. 569, North Markfort, TX 17203"
147,Robin Shields,katherine50@sanchez.net,53,"7290 Mcclure Valleys Suite 703, South Jeanbury, WY 83592"
148,Jonathan Ward,lwilson@yahoo.com,56,"05487 Mary Pass, Marksmouth, VT 84565"
149,Misty Le,catherine46@yahoo.com,43,"Unit 6355 Box 4757, DPO AP 30636"
150,Aaron Garza,mbrown@nguyen.com,43,"94292 Hill Inlet, Mcdonaldberg, WV 33112"
151,Stephanie Smith,panderson@hotmail.com,44,"8348 Sherry Walk, South Amanda, NM 82578"
152,Michael Bryan,bestkrystal@yahoo.com,36,"6072 Molly Rapid Apt. 711, East Jeffreychester, AZ 79063"
153,Stephanie Carey,michaelespinoza@hotmail.com,57,"USS Davis, FPO AE 79572"
154,Jamie Bishop,andrea60@gates.info,60,"185 David Underpass, Lisabury, ND 63453"
155,Morgan Cole,vcastillo@gomez-nelson.net,21,"01737 Sarah Views, Meredithmouth, TX 97293"
156,Jennifer Tanner,morganholmes@espinoza-clark.org,41,"537 Christopher Square Apt. 425, North Jeremy, KY 98009"
157,Jerry Hampton,preyes@gmail.com,33,"95588 Tanner Coves Suite 189, Tiffanyside, MI 42123"
158,Dylan Hardy,colegordon@yahoo.com,29,"8778 Ruiz Points, Reynoldsborough, RI 13653"
159,Chloe Williams,aclark@yahoo.com,41,"54590 Foley Branch, East Christopherton, DE 85036"
160,Debra Gray,kylesanchez@vincent-krause.com,58,"111 Hicks Vista, East Samanthabury, ID 59854"
161,Mary Allen,blester@gonzalez.net,60,"USS Harris, FPO AA 83787"
162,Shelly Smith,dquinn@yahoo.com,38,"1654 Cory Falls Apt. 111, Nancyland, NY 76403"
163,Catherine Graham,smithevan@wyatt-harris.com,46,"88824 Kaufman Unions, Cameronfort, HI 17629"
164,Cassandra Flores,corey54@rowland.com,24,"26986 Holmes Circles Apt. 617, Dianaburgh, VA 32618"
165,Alexis Deleon,lsmith@hotmail.com,29,"3599 Vargas Club Apt. 893, North Arthur, NY 97923"
166,Alexis Murray,hannadouglas@short.biz,32,"870 Harold Keys, Sierrashire, MO 21187"
167,Shawn Bailey,wintersruben@mitchell-camacho.org,41,"520 Margaret Extensions, Mcdonaldside, SC 87331"
168,Lori Tucker,sullivanjoseph@yahoo.com,42,"834 Autumn Drive, Gutierrezville, WY 92440"
169,Sandra Steele,sreynolds@ho.net,20,"49860 Long Village, North Paulastad, KY 51963"
170,Ashley Nelson,qwerner@williamson.com,20,"278 Ortiz Rapids, Michaelmouth, DE 53552"
171,Donald Johnson,amy51@davis.com,31,"287 Mark Turnpike Apt. 773, South Danielmouth, CA 48361"
172,Kevin Mcmillan,glambert@mathis-jones.com,20,"USCGC Rowe, FPO AP 85978"
173,James Russell,qpena@campbell.com,47,"4724 Jacob Stream Apt. 748, Port Matthew, ND 82658"
174,Ashley Walls,nicoleboone@todd-stewart.info,52,"09151 Smith Heights Suite 365, Jeremyside, NH 80450"
175,Nancy Reyes,kelleyashley@davis.com,28,"3626 Gina Corners Apt. 248, Kimstad, OH 40801"
176,Justin Johnson,ujones@simmons.com,21,"8712 Kathryn Island, West Williamton, AZ 32841"
177,Melissa Roberts,smithbarbara@bell.com,56,"32867 Freeman Rapids Apt. 148, Jackiestad, RI 93022"
178,Stephanie Haley,heatherhayes@smith.net,19,"956 Ferguson Terrace, Cynthiahaven, NH 30590"
179,Melissa Moore,cliffordwade@gmail.com,28,"1478 Williams Crest Suite 457, Port Jaclyn, VT 53735"
180,Monica Evans,carrierussell@green-taylor.com,37,"74524 David Burg Suite 436, Port Jasonshire, UT 13758"
181,Michael Miller,acarson@greer.com,55,"73071 Angela Island, Navarrofort, WY 00699"
182,Mr. Timothy Vargas,sierrajones@mills.com,31,"7820 Lee Via Suite 714, Carrillofurt, ME 23672"
183,Ann Sampson,johnvance@yahoo.com,50,"88851 Joseph Path Suite 094, Lake Lindsey, MS 37419"
184,Pamela Taylor,andreaobrien@rivera.com,30,"096 Ashley Cliffs, Moranmouth, UT 08724"
185,Mrs. Briana Johnson DVM,daniellequinn@grant.com,43,"993 Molina Stream Apt. 065, Kristinechester, MO 07686"
186,Jeffrey Thompson,jrivas@hotmail.com,41,"52103 Billy Mission, New Danielton, SC 88416"
187,Ashley Morgan,jessica39@yahoo.com,36,"07950 Steven Club, Ellisshire, KS 40387"
188,John Long,margaret30@yahoo.com,46,"966 Mary Glens, Port Jenniferstad, ND 06219"
189,Donna Matthews,erika84@watson-vang.biz,23,"151 Kevin Springs, Port Barbaraborough, MA 85558"
190,Ashley Robertson,nicole63@williams.com,22,"4013 Hopkins Lodge Suite 105, Laurahaven, NY 34434"
191,Shannon Johnson,higginsmeredith@gmail.com,22,"017 Spencer Alley, East Nancy, OR 26571"
192,Ryan Ross,ryanholland@ramos.com,54,"259 Ronald Walk Apt. 012, Port Daniel, MD 31570"
193,Kelly Woods,shelbyberry@yahoo.com,39,"6750 Green Prairie, Lake Brittany, SC 72099"
194,Michael Gonzalez,perkinsmichael@jones.net,47,"104 Nicholas Stravenue Apt. 757, Yvonnebury, SD 26825"
195,Angela Wilson,kbaldwin@hunter-henry.biz,35,"6324 Rachel Groves Suite 778, Amychester, AZ 96382"
196,Diana White,qschwartz@browning-anderson.com,25,"0692 Collins Gardens, West Emily, OR 16118"
197,Michael Martinez,rdavis@gmail.com,31,"PSC 1025, Box 8934, APO AE 66103"
198,Belinda Jones,jason26@gmail.com,46,"740 James Overpass Apt. 031, North Mary, MD 40122"
199,Margaret Nichols,shane32@sanders-rivera.com,47,"916 Kathleen Walks, Hayesmouth, DC 16903"
200,Gregory Gray,gstuart@shepard.com,18,"7902 Christopher Center Apt. 186, Wilcoxberg, KS 07168"
201,James Anderson,catherinetaylor@hotmail.com,54,"6473 Carpenter Grove Apt. 810, South Joe, NV 18178"
202,Jennifer Gomez,stewartisabella@yahoo.com,55,"766 Thompson Field, West Brookeborough, AR 38129"
203,Spencer Allen,robin60@roach.org,21,"5200 Martinez Pike Suite 681, Amberport, WV 73440"
204,Michael Harris,todd84@little-nguyen.info,33,"6054 Tina Ranch, Friedmanfort, WY 22422"
205,Monica Evans,humphreypatricia@gmail.com,53,"06895 Gwendolyn Path, North Amber, MA 48402"
206,James Curtis,cyu@olsen.biz,24,"63371 Gonzalez Villages Apt. 289, Lake Mary, WI 82382"
207,Margaret Williams,whall@williams.com,57,"009 Gerald Motorway Apt. 735, New Ashley, FL 08951"
208,Dennis Olsen,vparsons@gmail.com,25,"USNS Foster, FPO AE 71584"
209,Thomas Brooks,scott44@rhodes.com,48,"03016 Burgess Vista, Port Heatherview, DC 20938"
210,Jeffery Roberts,clifford69@rodriguez-baker.biz,57,"PSC 7792, Box 8887, APO AA 91223"
211,Jordan Baldwin,cynthiagordon@erickson.net,56,"7523 Wiggins Orchard Suite 251, North Christopher, DC 29933"
212,Joshua Wallace,mjuarez@maldonado.net,38,"84523 Taylor Loaf Apt. 669, East Jessicaburgh, VA 70376"
213,Linda Roberts,bmelton@yahoo.com,43,"42203 Mullins Walk, South Mark, MN 30497"
214,Omar Cruz,zwilson@hotmail.com,26,"724 Johnson Parkways Suite 532, North Brianshire, ME 69706"
215,Heather Graves,kylewatson@yahoo.com,35,"84345 Michael Loop Suite 694, Bowersport, UT 91744"
216,Christine Wilkins,kylecastro@tucker-clark.info,39,"39010 Salinas Lodge Suite 624, Rachelfort, MA 22725"
217,William Stone,lauriethomas@gmail.com,32,"1648 Christopher Corner, Randallhaven, ID 20820"
218,Annette Pope,uwilson@yahoo.com,33,"371 Lang Roads Apt. 743, Lake Stacyborough, SD 49693"
219,Ashley Bautista,austin46@lewis-smith.com,52,"52688 Debra Point, East Julia, SC 37918"
220,Connor Richmond,garciamark@hotmail.com,27,"362 Sean Loaf, Jamesburgh, WY 02298"
221,Alyssa Larson,zwilkins@hayes.com,18,"237 Gutierrez Shoals, West Julia, NE 87742"
222,Alicia Shaw,nchristensen@campbell-morgan.com,49,"2003 Shannon Rapid, Scottmouth, NE 35484"
223,Kimberly Brooks,heather76@campbell-nguyen.biz,33,"83704 Martinez Stream Apt. 933, New Alexis, NY 53124"
224,Aaron Robinson,david04@gmail.com,58,"555 Thompson Way Suite 965, Dustinburgh, MT 42517"
225,Anthony Cortez,nsmith@gmail.com,19,"8611 Wendy Meadows, Evanstown, MI 04992"
226,Audrey Gross,claudia87@hotmail.com,55,"8374 Robin Overpass Suite 411, Lindachester, MA 24954"
227,Kenneth Bean,kristie83@gmail.com,39,"4692 Mark Valleys Apt. 248, Stephenfort, KY 03918"
228,Angela Tran,greersandra@pennington.net,26,"47340 Kayla Camp, Mcconnellchester, AK 63055"
229,Mary Frederick,jenniferadams@yahoo.com,52,"036 Kristin Bridge Suite 920, Bassview, UT 32806"
230,Michele Woods,john33@fowler.com,52,"Unit 7115 Box 9792, DPO AP 81039"
231,Carl George,warrenrobinson@perkins.info,47,"429 Robert Corners Suite 999, New Williamshire, NM 24683"
232,Hannah Myers,herreramary@gmail.com,48,"60537 Benjamin Cliffs Suite 531, East Andrewtown, ND 27236"
233,Gina Fernandez,danielle83@decker-brown.com,47,"1918 John Forks Suite 441, East Nicholas, NC 30180"
234,Brittney Phelps,ashleythomas@reyes.com,33,"PSC 8930, Box 3625, APO AA 12805"
235,Sally Meyer,hwilliams@yahoo.com,57,"USNS Frazier, FPO AE 31367"
236,Ryan Romero,jeffrey37@hotmail.com,44,"0934 Nelson Parks, New Suzanneberg, NV 48784"
237,Christian Wood,francismichael@campos.info,27,"USCGC Jones, FPO AA 00782"
238,Mrs. Margaret Thomas,pmyers@hotmail.com,22,"PSC 1982, Box 1312, APO AP 41599"
239,Carl Garcia,martinnicole@crawford-elliott.com,45,"7283 Hughes Station, Chavezmouth, OK 04838"
240,Autumn Mccoy,hshea@robinson.net,19,"2850 Nathan Via, Robinsonfort, NJ 53457"
241,Emily Scott,gmccall@yahoo.com,37,"83276 Ross Pike, Gutierrezmouth, FL 74743"
242,Caleb Vasquez,katherine31@harmon.com,19,"801 William Mountain Suite 421, Daleburgh, AK 40374"
243,Robert Greer,jacksontimothy@austin-murphy.com,25,"6409 Kevin Prairie, Millerburgh, WA 27293"
244,Thomas Bush,jonesglen@davis.info,33,"29673 Mitchell Manors Apt. 290, Lake Laurenstad, NJ 17587"
245,Robert Kim,dianerivera@martinez-kelley.com,27,"570 Calvin Estate, Hamiltonmouth, MI 15790"
246,David Morales,mwatson@hotmail.com,18,"337 Figueroa Estate, New Johnfort, CA 22570"
247,Susan Wolf,jason39@gmail.com,50,"556 James Valleys Apt. 959, East Vincentside, WY 20429"
248,Alison Chavez,porterbenjamin@yahoo.com,44,"PSC 8523, Box 6856, APO AA 37131"
249,Keith Young,kevintaylor@gmail.com,50,"730 Thomas Junction Apt. 663, North Aaron, ID 02245"
250,Billy Wu,copelandmadison@parker.com,45,"Unit 0012 Box 3580, DPO AE 71877"
251,Kerry Bernard,codywilson@gmail.com,37,"875 Jones Gardens Suite 584, Danielstad, HI 46080"
252,Jessica Carrillo,george31@herrera-lucas.com,36,"PSC 6591, Box 0437, APO AP 98833"
253,Joshua Smith,thompsondustin@gmail.com,59,"29954 Susan Rapid Suite 478, New Rebecca, IN 04888"
254,Adam Reynolds,howardallison@larson.com,34,"606 Dougherty Run Suite 723, Kellyborough, VA 79772"
255,Kathleen Harris,carrbrianna@cruz.com,38,"559 Jensen Stravenue, Meganview, IN 91032"
256,Taylor Mccann,delacruzdaniel@yahoo.com,22,"89634 Wallace Hills, East Maryside, LA 19314"
257,Michael George,bstevens@coleman.biz,26,"USNS Johnson, FPO AP 13492"
258,Crystal Hartman,craig80@gmail.com,34,"4223 Joshua Mountains, Donaldville, WI 36719"
259,Laura Cooley,kerry44@shelton.org,52,"183 Kelley Lane, Nicolefort, MT 29362"
260,Steven Jimenez,abigailschwartz@hotmail.com,39,"135 Jackson Pass, Jacksonberg, KS 76790"
261,Michael Gray,yrobinson@guzman.info,38,"7838 David Mountains, West Rhonda, RI 03398"
262,Jessica Allen,heatherkelley@hotmail.com,48,"5239 Wallace Route Suite 981, South Mark, NE 30206"
263,Wendy Tucker,adamwillis@erickson.com,18,"69568 Austin Landing Suite 682, Gardnerchester, MN 02860"
264,Shannon Wilson,oandrews@yahoo.com,40,"736 Escobar Springs Suite 313, East Joseland, CA 38592"
265,Cory Nichols,enelson@hotmail.com,59,"2684 Kyle Cliffs Suite 720, Craigtown, MO 73956"
266,Linda Martinez,robertburgess@gutierrez.com,23,"221 Scott Branch, Harrisontown, NY 42368"
267,Sheila Coleman,davidquinn@morrow.net,18,"7532 James Garden Apt. 702, Jennifertown, DE 04412"
268,Brett Davis,stevencallahan@sanders.org,59,"57630 Gomez Street, Robertton, CA 07817"
269,Megan Dennis,barreramarcus@rodriguez-carroll.net,57,"699 Figueroa Court Apt. 987, South Timothymouth, MT 40871"
270,Heather Baird,etucker@martin.net,41,"107 Jason Shores, North Stephenmouth, FL 42459"
271,Kathleen Bauer,melissarodriguez@savage.com,45,"848 Sullivan Glen, Arellanoberg, NM 09407"
272,Emma Lawrence,robert81@walker.com,47,"088 Bridges Lock Apt. 326, Port Kennethshire, KS 78799"
273,Catherine Rogers,duncanmeredith@gonzalez.com,18,"403 Michael Circle Suite 282, South Sherri, IA 76743"
274,Stephanie Miller,calvinbenjamin@bowers.com,46,"22305 Hernandez Shores, Lake Lauramouth, HI 63980"
275,Kimberly Raymond,whitney71@martin-jenkins.com,26,"Unit 4163 Box 6503, DPO AA 86610"
276,Robert Scott,qpierce@yahoo.com,55,"211 Matthew Stream, North Todd, MN 03512"
277,Jeffrey Bradley,christina22@molina.org,41,"989 Barber Prairie, Port Jenniferstad, OH 60649"
278,Thomas Garcia,fdominguez@walker.info,28,"001 Yolanda Cove, Kingberg, VT 92750"
279,Zachary Richardson,ahatfield@ward-smith.net,37,"80400 Charles Route Apt. 457, Charlesburgh, FL 30817"
280,Rachael Gonzales,vsmith@osborn-perez.com,45,"9316 Diana Underpass Apt. 149, Alvarezchester, KY 54740"
281,Julia Garcia,mitchell95@yahoo.com,58,"00025 Taylor Brooks Apt. 869, Perryton, NY 36329"
282,Louis Wright,tricia87@paul-grant.net,20,"711 Mary Park Apt. 325, Rebeccashire, KS 24189"
283,Rebekah White,edwardsbrian@brooks.biz,30,"345 Bennett Dam Suite 155, West Nancy, AR 79201"
284,Dr. Cody Erickson MD,wesleymartinez@williams.net,42,"08524 Michael Route, Port Haleyside, MS 65482"
285,Dennis Harding,stephenkelley@yahoo.com,48,"Unit 6681 Box 5446, DPO AP 29724"
286,Anna Murray,john70@yahoo.com,38,"56791 Elizabeth Rapid, Claymouth, TX 35603"
287,Melissa Davis,patrick58@white.com,24,"7621 Smith Alley Suite 401, Lake Michaelbury, OH 53243"
288,Kelli Powers,marvinmartin@gmail.com,35,"309 Megan Lakes Apt. 194, Jessicamouth, LA 56700"
289,Peggy Murray,leehill@gmail.com,50,"1259 Cynthia Prairie, Goodmanchester, OR 35001"
290,Maria Pollard,jonesjill@collins-bullock.org,46,"65951 Smith Spurs Suite 001, North Lauraborough, MS 68731"
291,Scott Schultz,keithrodriguez@stephens-washington.com,46,"18224 Rodriguez Shoals, Evantown, MA 93730"
292,Kimberly Bryant,scottstafford@yahoo.com,48,"USS Barrett, FPO AP 41396"
293,Michael Hurst,andrew31@poole-long.com,50,"748 Rodriguez Corners Suite 578, Port Christopher, KS 86079"
294,John Evans,ymcfarland@hotmail.com,33,"286 Lori Haven, Jacksonport, HI 22951"
295,Lisa Barnes,heathernielsen@sanders.biz,29,"5409 Abigail Ville, South Isaac, NY 49810"
296,Brittany Tate,bmoore@hotmail.com,19,"792 James Land, Troyberg, AR 63995"
297,Mr. Kevin Gutierrez,jaredjohnson@yahoo.com,39,"2297 Cameron Way, Martinezburgh, NV 46327"
298,Barbara Brooks,zsmith@yahoo.com,20,"8753 Charles Highway, Thomasville, NV 45270"
299,Keith Lee,vsilva@gmail.com,57,"4164 Graham Loop, North Kimberly, IN 15390"
300,Kaitlyn Rodgers,qbaker@webb.com,55,"USCGC House, FPO AP 09244"
301,William Perry,chungalexander@osborn.net,37,"448 Roy Lodge, Thorntonport, NJ 11601"
302,Charles Hampton,jennifer67@reyes-hernandez.org,48,"7135 Anthony Courts, South Renee, NY 81888"
303,Paul Gonzalez,imitchell@hotmail.com,57,"2821 Heather Rapids Suite 972, Heatherchester, WV 23773"
304,Christopher Elliott,lewispaul@baker.com,23,"42895 Angela Ferry, Port Kathrynport, WA 50160"
305,Stephanie Hernandez,underwoodjason@good.com,54,"91829 Adams Tunnel, Toddberg, NE 70761"
306,Sandra Carter,sarah98@yahoo.com,57,"067 Holmes Radial Suite 466, East Shannon, MN 65059"
307,Adrienne Davis,brownwilliam@hernandez-wise.biz,21,"151 Jacqueline Cliffs, South Patriciahaven, WA 36738"
308,Leslie Dominguez,steven04@cox-caldwell.net,60,"163 Parker Parkways Apt. 827, East Justinbury, OK 92418"
309,Jessica Smith,alexander97@hotmail.com,20,"50421 Ariel Track Apt. 759, Stacyville, OH 99832"
310,James Snow,adamssteven@yahoo.com,57,"505 Michelle Springs, Lake Lisa, RI 14988"
311,Margaret Allison,darrell21@hotmail.com,57,"021 Boone Rapid, Santiagoside, RI 02607"
312,Mary Meyer,murphymaria@gmail.com,27,"0693 Rodriguez Way, Longborough, DC 65277"
313,Timothy Jones,dannyle@grant.com,34,"5872 William Rapid Suite 305, Rogersland, PA 91288"
314,James Duffy,christopher34@parker.com,21,"9838 Paula Court, East Thomas, SC 91952"
315,Patricia Stephens,sandersseth@yahoo.com,22,"1494 Elizabeth Forges Apt. 740, Irwinburgh, NE 92516"
316,Miguel Harris,salinasjose@scott-sanders.biz,57,"2266 Sandoval Lodge, Danielleborough, MO 41575"
317,Peter Reyes,fturner@stevens-montgomery.com,52,"2492 Gonzalez Expressway, South Clairestad, MN 26255"
318,Elizabeth Wiggins,tonyacarpenter@house.com,44,"96418 Debra Lake, North Justin, AR 85699"
319,Susan King,felicia46@norman.com,57,"369 Morales Lodge Suite 081, Karenmouth, VT 06671"
320,Caroline Dawson,boothwilliam@finley.biz,28,"5855 Derek Islands Suite 959, South Brittneyfort, CO 08275"
321,Barry Torres,angelasantiago@wilson.com,45,"40571 Chandler Ports Apt. 005, South Christophermouth, GA 93723"
322,Daniel Gutierrez,zrios@yahoo.com,49,"12222 Daniel Ville Suite 116, Lake Sharon, NH 63681"
323,Michael Pierce,rodneyclarke@perez-cantu.info,23,"69930 Fernando Radial, Carlstad, MI 46961"
324,Jodi Byrd,vcervantes@hotmail.com,59,"Unit 8054 Box 3840, DPO AE 09900"
325,Jonathan George,morgan35@sanders.com,34,"USCGC Nguyen, FPO AP 36103"
326,Leslie Decker,crystalparker@yahoo.com,57,"59552 Proctor Creek Suite 398, Johnsonside, DC 16469"
327,Troy Johnson,williamcline@zavala.biz,30,"57133 Diane Shore Apt. 898, Port Robert, ND 31176"
328,Daniel Russell,mhernandez@johnson.com,59,"5056 Jackson Trafficway Suite 428, New Keith, KS 54804"
329,Kellie Wright,nmorrow@powers.com,27,"61850 Crystal Gateway, Debrahaven, AR 92013"
330,Mark Bradley,wkim@yahoo.com,45,"23967 Santiago Cliff Apt. 052, West Timothy, CA 90853"
331,Katie Lucero,veronica48@ford.com,34,"572 Gardner Fort, Lake Kimberlyfurt, OK 09748"
332,Jennifer Johnston,sanchezamy@davis.com,41,"332 Perkins Loop, East Katherinefort, MO 75547"
333,Chris Padilla,ramoschristopher@valenzuela.com,55,"6977 Bennett Hollow Apt. 809, Bryanburgh, TN 66658"
334,Tiffany Robinson,ywilliams@gmail.com,24,"6681 Michael Crest, East Bruce, VA 78680"
335,Edward Brown,racheldickson@sweeney.biz,26,"619 Ramirez Burgs Suite 540, South Maureenberg, NM 87515"
336,Elaine Stephens,rrobinson@forbes.info,42,"PSC 7877, Box 7247, APO AE 76563"
337,Kristin Johns,pallison@gmail.com,18,"07366 Collins Prairie Suite 669, East Benjaminfurt, MI 85290"
338,Tamara Flores,hpearson@gmail.com,22,"1576 Lori Trace Apt. 963, West Megan, NE 67458"
339,Dawn Schneider,calvin99@yahoo.com,50,"Unit 6403 Box 9804, DPO AE 94330"
340,Erica Dominguez,jgonzalez@reed.com,34,"7468 Michael Stravenue, West Angelaborough, CO 63938"
341,Tabitha Stevenson,wilsondavid@yahoo.com,55,"42679 Christopher Circles, Mosesland, VT 63990"
342,Angela Calderon,rhondastewart@yahoo.com,59,"366 Shawn Springs, New Jennifer, NM 06045"
343,Angel Preston,erik87@gmail.com,34,"9415 Joel Harbors, Christopherborough, OK 81281"
344,Vincent Heath,michellechung@yahoo.com,33,"378 Felicia Station Suite 804, New Kevinville, MS 03283"
345,Marissa Kramer,phillipskatherine@liu.net,47,"254 Carr Rapid, Johnborough, MI 85748"
346,John Phillips,redwards@gmail.com,38,"USNV Hamilton, FPO AP 33946"
347,Christy Austin,anthony95@hotmail.com,53,"55357 Nolan Fall Suite 693, North Jonathan, AZ 19047"
348,Elizabeth Cox,patrickvalenzuela@hotmail.com,21,"237 Russell Loaf Apt. 033, Lake Victoriaport, NM 04649"
349,Amanda Bell,michele07@jones.com,34,"06347 Laura Island Suite 123, West Vincentbury, HI 09590"
350,Greg Williams,vanessaphelps@hotmail.com,60,"06854 Guzman Knoll, West Sara, AK 77843"
351,Amber Hamilton,walkerkristin@gmail.com,31,"1789 Washington Valley Suite 631, Ashleyview, IL 98606"
352,Julie Johnson,heather89@salas-shaffer.com,60,"444 Erin Rest, Marymouth, RI 22242"
353,Erika Smith,rsalazar@yahoo.com,47,"61281 Jessica Islands Apt. 096, South Jeremy, IL 57433"
354,Louis Williams,kristamoss@yahoo.com,59,"8379 Garcia Rue Apt. 935, Barbaraport, MA 68639"
355,Lisa Bolton DDS,ccoleman@nixon.org,52,"36330 Stewart Run Apt. 179, Lake Shaneport, VA 26394"
356,Susan Grimes,james73@salinas.net,49,"99670 Erickson Plaza, East Thomas, WA 54718"
357,Joseph Robbins,pinedalance@mills-fisher.com,19,"32104 Martin Course, Christopherland, NM 83716"
358,Lisa Vincent,samantha57@gmail.com,60,"2622 Russo Plains Suite 420, East Brianton, OK 81566"
359,Heidi Case,cervantespatricia@johnson.com,35,"597 Sawyer Vista Apt. 054, Heatherstad, IN 34127"
360,Kelly Parsons III,annamartinez@hotmail.com,37,"USNS Parker, FPO AA 14164"
361,Charles Ayala,lvillarreal@myers-harrington.com,49,"2755 Sparks Hollow, Garnerberg, ND 53060"
362,Sandra Skinner,phammonica@white.com,41,"54110 Stone Overpass Suite 866, Floreschester, CA 03092"
363,Brandon Miller,sharonbenson@yahoo.com,54,"0798 Webster Estate Suite 008, Jeremyshire, LA 77051"
364,Cristina Reed,schroedernoah@hotmail.com,41,"5584 Stephanie Track Suite 055, West William, DC 32420"
365,Holly Martinez,dhill@hotmail.com,40,"23822 Rachel Freeway, East Martha, KS 08304"
366,Regina Hamilton,zmoore@yahoo.com,22,"99823 Tracy Plaza Suite 740, East Audreyburgh, AL 90791"
367,Stephanie Walker,andrewslindsay@salinas.biz,27,"246 Ryan Streets, Lake Joseph, OR 39951"
368,Jeffery Heath,kvance@gmail.com,39,"085 Newman Vista, West Tracy, CO 16418"
369,Kenneth Evans,xross@johnson.com,33,"219 Christopher Summit Suite 298, Harrishaven, ND 93686"
370,Sarah Richardson,megan32@gmail.com,35,"8264 Love Stream, West Anthony, ID 53114"
371,David Blair,braunkimberly@jackson.com,45,"182 Patel Freeway, Port Daniellestad, WV 31475"
372,Steven Eaton,ericajones@little.com,44,"770 Marshall Brooks Apt. 351, Port Johnshire, ID 26937"
373,Leslie Wells,sanchezvicki@hotmail.com,49,"205 Bryan Camp Suite 201, East Vanessa, MT 42535"
374,Ryan Henry,lross@hotmail.com,57,"413 Jessica Ferry, West Erin, CO 61806"
375,Andrew Graham,teresa00@hotmail.com,48,"83430 Robertson Creek Suite 504, Stewartton, SC 56322"
376,Valerie Clark MD,kyle40@gmail.com,53,"22934 Case Plains Suite 974, North Markside, IL 67458"
377,Christopher Smith,haleynichols@miller.com,43,"323 Martinez Summit Apt. 158, Justintown, MT 32911"
378,Travis Sanchez,xanderson@chandler.com,44,"4768 Kayla Wall, East Erikburgh, FL 78783"
379,Edward Rivera,lewisrichard@reed.biz,60,"USCGC Gonzalez, FPO AE 02658"
380,Marcus Brewer,ahall@mcdonald.com,42,"7776 Salazar Fords, East Karen, TN 48267"
381,George Morton,roy31@peterson-mckinney.com,27,"USNS Dudley, FPO AA 70760"
382,Juan Hernandez,sullivanrobin@ryan.biz,42,"781 Erin Mission, New Josephton, CO 66629"
383,George Moore,lesliemoore@rosario.info,24,"582 Jennifer Pass, Lake Aliciaton, NY 50157"
384,Alexander Williams,robert46@grant.org,46,"13887 Larry Shore Apt. 458, Lake Joshua, NH 64243"
385,Eileen Perez,manuel13@gmail.com,40,"4196 Jeremy Greens, Howardton, MN 43159"
386,Christian Allen,christopherscott@boyd-riley.biz,42,"67707 Michael Garden, Garciaside, UT 59421"
387,Beth Stone,johnsondean@smith-adams.com,56,"369 Ashley Isle, North Stephaniehaven, NM 85791"
388,Marissa Gonzalez,benjamin70@gmail.com,21,"5281 Allen Street Suite 878, Port Jennifertown, ID 74913"
389,James Harrington,sheila92@phillips-hall.com,18,"356 David Mill, Ashleyborough, ID 52866"
390,Clayton Romero,ballelizabeth@hotmail.com,24,"0020 Bond Burg, Lake Brian, NJ 41258"
391,Debra Martin,wattsnicholas@hotmail.com,56,"Unit 4246 Box 6582, DPO AP 66174"
392,Kevin Smith,conradnicholas@gmail.com,18,"05380 Moreno Route, East Davemouth, WA 69798"
393,Tracy Carter,brandon93@hotmail.com,18,"476 Sandra Courts, New Hollyberg, NM 85415"
394,Joan Hayden MD,ttyler@gmail.com,44,"4412 Glover Common, New Amber, IN 64436"
395,Kathleen Mahoney,teresachambers@ponce.com,21,"43514 Brittany Parks, Williamsport, GA 00695"
396,Kristin Jones,pcollins@hotmail.com,26,"PSC 6402, Box 7794, APO AP 29111"
397,Hannah Williams,hrobinson@hotmail.com,50,"276 Taylor Lake Apt. 014, West Tammy, KS 01125"
398,Stephanie Lewis,brownkathleen@bond.org,24,"53733 Miranda Mission Suite 914, Saundersmouth, TX 06069"
399,Cynthia Miller,maryjohnson@martinez-mcdowell.com,41,"7321 Jorge Fort, Espinozaton, UT 64218"
400,Sandra Barker,smallkelly@thompson.com,54,"8110 Pugh Bypass Apt. 676, Petersontown, OH 34271"
401,Cristian Pacheco,thomasalejandra@black.com,30,"2267 Miller Ports, South Rachelburgh, IA 46158"
402,Donna Huffman,cboyd@tucker.biz,37,"42950 Pearson Camp, Davidberg, NJ 75639"
403,Kelly Phillips,charles39@gmail.com,41,"88877 James Coves, Allisonberg, TN 95848"
404,Lee Watkins DDS,nathanclark@bowers-burke.com,31,"704 Barajas Points Suite 552, Lake Michael, SC 04587"
405,Brenda Gillespie,gregorycarter@marshall.com,32,"45772 Bonnie Shoal Apt. 405, Patrickland, MT 54504"
406,Lori Blankenship,nday@gmail.com,57,"59730 Buchanan Park Apt. 983, Tommyburgh, OK 40196"
407,Jocelyn Scott,veronicaharris@villa-williams.com,51,"16472 Melissa Ferry Apt. 409, New Crystal, LA 39874"
408,Victoria Santiago,mitchelljohnny@haas-barrett.com,50,"52794 Ford Summit Apt. 618, Greenhaven, ID 80828"
409,Joshua Johnson,mary00@barnes-watson.org,58,"88688 Cochran Fork, Stanleyton, NE 78950"
410,Wendy Edwards MD,erik32@hotmail.com,33,"406 Cole Oval, Scottbury, KY 87719"
411,James Jones,melanieyang@hotmail.com,34,"537 Ortiz Causeway, North Ashleybury, WV 66971"
412,Troy Higgins,osbornryan@burnett-mitchell.org,50,"01296 Barbara Harbor, Thompsonfort, RI 57616"
413,Phillip Bowen,haynesjay@stewart.net,48,"88207 Taylor Greens, New Tammyton, MD 29637"
414,Carrie Mckee,andersonlee@lynch-mercado.com,36,"98084 Pearson Lakes Suite 036, Dylanland, VT 01930"
415,Nicole Fisher,davidbyrd@collins-edwards.com,36,"86993 Cassandra Ridge, Gonzaleztown, AZ 12986"
416,Cynthia White,christine70@yahoo.com,37,"007 Garcia Square, Brendabury, LA 70526"
417,Brandy Leblanc,hollandwayne@nelson.com,49,"660 Anderson Drive Apt. 809, Angelaburgh, HI 66269"
418,Amy Turner,brenda14@hotmail.com,59,"502 Kennedy Unions Apt. 044, Johnburgh, UT 16805"
419,Lisa Delgado,eric38@yahoo.com,52,"USCGC Barton, FPO AE 75680"
420,Kerry Douglas,kristen62@gmail.com,55,"318 Obrien Prairie, West Paulbury, WA 25450"
421,Briana Wang,meganhebert@hotmail.com,20,"272 Tran Estate, East Joshua, OR 61284"
422,Samuel Nunez,katelynlam@hampton-williams.info,51,"PSC 3648, Box 1381, APO AA 14617"
423,Gregory Nelson,mariasimmons@howell-bridges.com,41,"2044 Smith Rue Suite 992, Lake Amy, WY 97433"
424,Zachary Ramos,maryprice@gmail.com,41,"09440 Green Green Suite 505, South Robertland, DE 38447"
425,William Reeves,owenspaul@yahoo.com,25,"Unit 7178 Box 3120, DPO AE 51241"
426,Melissa Shelton,cobbalice@yahoo.com,41,"6858 Christopher Highway Suite 608, West Elizabethview, NV 33214"
427,Lori Knight,robert46@washington.biz,30,"92215 Scott Squares Apt. 251, East Brian, CA 20783"
428,Mckenzie Garcia,jacoblove@rogers.org,32,"293 Katherine Park, Lake Charleston, UT 43772"
429,Thomas Lewis,paul65@hotmail.com,30,"30856 Williams Row, Ramosland, TX 43817"
430,Joshua Carpenter,ucabrera@gmail.com,52,"482 Jessica Estate, Stephenhaven, NY 96863"
431,Jenny Franklin,delacruzrobin@evans.com,40,"24463 Rogers Courts Suite 642, Lake Rogerport, OK 42371"
432,Michael Austin,susanbanks@ward.com,58,"759 Riley Route Suite 973, Ballardstad, TN 51806"
433,Patrick Jones,lesliewarren@sanders.com,32,"560 Doyle Squares Suite 031, New Derrick, NV 98766"
434,Amanda Clayton,deborahbrowning@maynard.com,58,"PSC 1842, Box 8092, APO AA 37066"
435,Denise Garcia,oschroeder@wells.info,27,"4371 Bauer Cove, Port Troy, RI 66785"
436,Kimberly Peck,jason04@moreno.com,32,"93418 Anthony Coves Apt. 649, Snyderton, KY 32529"
437,Kathleen Walker,mark89@matthews-moran.net,39,"794 Luke Lakes, Lake Brandonview, UT 83622"
438,Janet Delacruz,dlindsey@gmail.com,21,"56516 Crawford Mission, Port Jacquelinemouth, MD 26293"
439,Joseph Melton,whorton@gmail.com,45,"906 Greg Trail, Port Robintown, VA 13621"
440,Dr. Wayne Wong,iguerrero@white.com,25,"01483 Keith Mountain Suite 833, Campbellmouth, CA 45054"
441,John Bradley,william17@gmail.com,45,"5411 Lopez Mills, East Stevenland, WI 40374"
442,Bridget Chang,aallen@yahoo.com,48,"40960 Rebecca Spurs, Emmaton, NJ 83179"
443,Bonnie Walton,ftucker@williams.org,19,"2781 Bishop Causeway Apt. 730, Port Joanneport, NV 98017"
444,Joseph Garcia,anitabrennan@hotmail.com,53,"932 Michelle Keys, Lake Kylefurt, MT 67148"
445,Lori Marks,tiffany96@gmail.com,33,"114 Jasmin Viaduct, Savannahhaven, OR 10989"
446,Matthew Garcia,monroetina@williams-jennings.info,21,"441 Stone Cape Apt. 086, Tommyberg, MD 48367"
447,Phyllis Jones,johnnycunningham@gilbert.org,33,"46446 Benson Mount Suite 558, East Josephtown, OR 33523"
448,Adrienne Ryan,crawfordzachary@duke.com,39,"45394 Susan Vista Apt. 537, South Stevenmouth, ME 36260"
449,Lance Smith,gloverdavid@smith.info,51,"4476 Campbell Prairie Suite 294, Donnafurt, WA 28086"
450,Michelle Reed,browningchristopher@calderon-robertson.com,50,"81945 Campbell Trail Apt. 335, New Megan, FL 17887"
451,Eric Taylor,floresnicholas@gmail.com,30,"77386 Williams Fall Suite 747, Dustinshire, VT 39476"
452,Christopher Poole,dalejordan@gmail.com,31,"728 Katherine Common Apt. 944, Lopezport, GA 65063"
453,Rachael Wiggins MD,mitchell95@yahoo.com,35,"305 Haas Stream, South Louis, MN 47613"
454,Mary Barrett,mark93@miller.com,58,"9932 Baldwin Spurs Suite 005, New Anthony, GA 81194"
455,Kenneth Moore,michael83@hotmail.com,55,"3682 Benjamin Square, Hernandezview, MT 98876"
456,Spencer Gomez,willismichelle@yahoo.com,30,"32063 Moody Drives, Jessicashire, NM 68207"
457,Nathan Scott,sandra48@gibson.com,18,"6713 Ramirez Path, North Maria, VT 71142"
458,Jasmine Taylor,mary32@freeman-flowers.com,35,"19835 Richardson Loaf Suite 284, Williamstown, VT 96764"
459,Mr. Steven Perez MD,brentkeller@ferrell.com,19,"216 Pugh Common Suite 053, Woodshire, NM 22098"
460,Lindsey Wilson,charlesallen@garza-thompson.com,50,"56110 Torres Walks, South Maria, GA 81955"
461,Lisa Williams,conleymarcus@howard-cardenas.com,23,"44225 Erica Junction, North Jermaineside, WA 23697"
462,Mackenzie Gomez,daniel91@solis.net,58,"4099 Dylan Shore Suite 179, South Teresa, SD 44829"
463,Martin Downs,qthompson@floyd-quinn.com,45,"66060 Monica Tunnel Apt. 497, Port Brianside, MS 47305"
464,Robert Smith,robertosborne@molina.biz,46,"593 Pamela Keys Suite 211, West Jennifer, PA 68942"
465,Christopher Taylor,georgemandy@wilson-miller.biz,50,"80606 Anderson Shore, Richardport, NM 90209"
466,George Taylor,deanna57@yahoo.com,54,"0219 Brendan Loaf, Scottberg, NV 39731"
467,Bryan Guerra,jbowen@brown.com,50,"611 Kristin Track Apt. 820, North Gregory, MD 07627"
468,Jessica Yoder,barrjustin@hotmail.com,57,"PSC 2027, Box 7448, APO AA 83950"
469,Matthew Rogers,nunezkathleen@white.org,36,"3037 Costa Points, New Jack, OK 65448"
470,William Gonzalez,zachary68@hotmail.com,41,"5426 Luke Walk Suite 735, Williamport, PA 02407"
471,Martin Camacho,vbrown@yahoo.com,34,"457 Hansen Pass Suite 529, Jonathanland, CO 47596"
472,Michael Porter,christophermontes@hotmail.com,35,"4397 Klein Springs, Garyview, HI 81994"
473,Daniel Stevens,haynesdevin@randolph.com,47,"40770 Barker Shoal, Burtonfurt, SC 48280"
474,Monique Brown,robinsonmaureen@yahoo.com,30,"034 Randall Springs, South Ruthport, HI 38145"
475,Steve Mccall,hsmith@hotmail.com,43,"1003 Oliver Views, Kathleenmouth, AK 22931"
476,Michael Johnston,cruzjessica@duffy.info,37,"395 Frank Bypass, Kingmouth, GA 27477"
477,Susan Bishop,wadepeter@yahoo.com,47,"9666 Nunez Junction Apt. 798, New Michael, WY 34589"
478,Justin Andersen,valerie54@stevens.com,22,"812 Gonzales Heights, Reginaton, DE 93157"
479,Richard Thomas,shannonsantos@gray.com,54,"8698 Mary Junctions, Meganberg, MS 14133"
480,Maria Olson,uthompson@bright-austin.com,42,"949 Christian Ville Apt. 761, Fordmouth, AK 64404"
481,Christina Moses,floydcharlotte@gmail.com,60,"79115 Ashley Rest, Stewartside, FL 02814"
482,Lee Wheeler,daniel54@yahoo.com,40,"537 Anderson Skyway Suite 623, South Linda, AZ 77502"
483,Jenna Walker,morrisonderrick@hotmail.com,35,"7264 Steven Ranch Apt. 195, Port Williamside, IL 31686"
484,Dawn Banks,bunderwood@gmail.com,46,"4219 Jennifer Lodge, South Marcusborough, CO 08200"
485,Amber Peterson,amyromero@yahoo.com,28,"USNS Fitzgerald, FPO AA 53339"
486,Thomas Nguyen,brandyvargas@griffin.com,19,"7285 Wilson Loaf, Cooperstad, CT 80851"
487,Tiffany Fuller,freywilliam@zamora.com,37,"54840 Vega Pike, New Michaelview, WA 63961"
488,Anthony Freeman,johnross@hotmail.com,60,"828 Eric Ford Suite 994, Hollandton, TX 70704"
489,Susan Williams,vazquezkathleen@hotmail.com,36,"79779 Waller Lights, Joelberg, AL 08699"
490,Andrea Jordan,umartinez@gmail.com,24,"128 Clark Ford Suite 699, Port Marilynbury, AL 86981"
491,Richard Wilkerson,sskinner@yahoo.com,43,"Unit 4998 Box 1309, DPO AE 43429"
492,Jane Weaver,mark65@mcdonald.biz,40,"2125 Phillips Run Apt. 745, Christopherview, CO 79269"
493,William Schneider,hgoodwin@gmail.com,45,"4448 Roberto Extension Apt. 887, Gibsonside, AZ 87036"
494,Corey Martin MD,jpeterson@gmail.com,47,"1167 Dunn Vista, West Aaron, NH 75019"
495,Valerie Keller DDS,xsummers@yahoo.com,36,"79131 Richard Square Apt. 473, Jerryside, NM 75649"
496,Benjamin Hoover,patricia05@beltran-young.com,57,"5274 Meyer Oval, Evansstad, MI 58354"
497,Jeffrey King,catherineflores@yahoo.com,21,"Unit 9425 Box 4926, DPO AE 54101"
498,Brian Rodriguez,nicole07@velazquez.com,58,"6759 Lisa Station, Melanieberg, NE 19888"
499,Paul Bass,ballarddaisy@gmail.com,55,"37387 Taylor Club, West Joe, IN 61335"
500,Melissa Murray,perezdaniel@hotmail.com,46,"103 Luna Unions, Parkerbury, MS 74830"
501,Thomas Hall,margaret70@hotmail.com,53,"1455 Ryan Gateway Apt. 372, Cruzhaven, NE 38551"
502,Edward Gallegos,ssuarez@yahoo.com,39,"USCGC Glass, FPO AA 86443"
503,Ashlee Burch,charlesharrison@byrd.net,33,"280 Collins Light, North Heidichester, AK 21881"
504,Robert Vargas,steve68@jones.com,31,"061 Ortiz Center, South Tammy, OK 41948"
505,Christopher Carrillo,gordon54@guerrero.net,28,"962 Nicholas Track Apt. 620, Port Samantha, AK 99662"
506,Dr. Cindy Garrett,josephbarrett@edwards.com,22,"472 Shawn Union, Holtport, TN 16481"
507,Nathan Hawkins,jodysteele@morgan-perkins.com,32,"1664 Stephanie Via, South Chelseabury, SC 61166"
508,John Allen MD,tiffany73@hotmail.com,52,"529 Paul Junction Suite 571, Lake Gregoryport, FL 07974"
509,Tony Sanchez,brittanyfinley@gmail.com,34,"70740 Melissa Port Apt. 655, South Calebside, MI 81016"
510,Denise Valenzuela,ydyer@gmail.com,33,"USNS Brown, FPO AE 02334"
511,Maria Luna,vanessamoore@gmail.com,53,"805 Kristi Meadow, Daltonmouth, WA 56832"
512,Stephen Powers,amassey@hall.org,27,"348 Meghan Prairie, South Daniel, ID 45720"
513,Nicholas Lloyd,matthew25@hotmail.com,38,"56886 Carr Mission, South Pamelaland, MI 18174"
514,Jasmine Clark,beltrankurt@hotmail.com,33,"89599 Willis Squares, West Jamiestad, OK 35754"
515,Jacob Nguyen,ramirezashley@yahoo.com,50,"9260 Christy Lodge, New Julia, AK 03777"
516,Tara Adams,rlee@yahoo.com,44,"634 Garcia Port Apt. 201, South Jimmy, WV 87472"
517,Daniel White,heather68@hotmail.com,25,"79159 Amanda Brooks Suite 962, Karenberg, AZ 84864"
518,Emily Hernandez,marcthompson@hotmail.com,49,"0764 Christine Falls Apt. 425, Fordhaven, PA 24744"
519,Margaret Watkins,katrina06@carter.com,37,"PSC 5973, Box 3080, APO AE 08506"
520,Patricia Wong,bjones@malone.com,58,"9903 Sherri Rest, East Jennifershire, ME 22961"
521,Tammy Bridges,lisa01@green.com,27,"471 Bullock Harbors, New Krystalton, SC 95665"
522,Elizabeth Murray,taylorwilliams@yahoo.com,53,"271 Ashley Circles Suite 132, Lake Jamesfort, UT 74601"
523,Amanda Sullivan,colemanjessica@schwartz.com,60,"09811 Mike Roads Suite 644, Holtstad, MT 95095"
524,Deanna Palmer,joshua07@clark.info,25,"457 Cline River, Payneton, IN 97748"
525,Mallory Thomas,powellkim@jackson.info,20,"791 Allison Lane, Benjaminville, OR 04449"
526,Tasha Vincent,paigemoore@brock-jones.com,18,"00763 Fitzpatrick Court, South Mary, PA 24018"
527,Hannah Ortiz,vanessazuniga@mills-pearson.com,34,"50335 Winters Lodge Apt. 293, South Shirleystad, ID 42232"
528,John Li,eric72@gmail.com,58,"6067 Hamilton Junctions Apt. 568, North Samantha, IL 43912"
529,Scott Ellis,mburgess@gmail.com,29,"2337 Hull Plains, Alexanderside, IN 33459"
530,Joseph Buckley,barbaraturner@lee-english.com,53,"PSC 9613, Box 7655, APO AE 63683"
531,Tyler Reed,pamela73@hotmail.com,28,"9561 Carla Coves Suite 602, Patrickfort, AL 15300"
532,Drew Murphy,qbarton@jones.com,36,"74941 Ramos Plaza, West Whitney, SD 70761"
533,Whitney Pugh,terrellcatherine@coleman-morrison.com,56,"USNS Cortez, FPO AE 38846"
534,Ryan Brown DVM,jodiwebb@gmail.com,40,"4333 Andrea Plaza, Port Ariel, KS 36928"
535,Jessica Smith,justinhenry@palmer.com,58,"47369 Moore Lodge, East Jeffreyburgh, MA 58567"
536,Heather Clements,fsanders@gmail.com,20,"Unit 4632 Box 8913, DPO AA 17016"
537,Lance Wagner,aschultz@yahoo.com,47,"232 Berger Knolls, Weberside, WY 65120"
538,Tamara Hall,amandabauer@yahoo.com,58,"9449 Robertson Flats Apt. 061, North Daniellemouth, HI 76013"
539,Andrew Knight,alicia89@warren-hobbs.com,27,"252 Beasley Mountains Suite 429, South Rayville, VA 44906"
540,Stephanie Ray,louishurst@yahoo.com,46,"493 Tiffany Expressway Apt. 150, North Daniel, HI 76471"
541,Shelby Thompson,qmayo@hanna.biz,45,"Unit 2898 Box 7493, DPO AP 59273"
542,Donald Robinson,bushconnor@gmail.com,57,"373 Peter Shore Suite 878, Lake Geoffrey, AR 09496"
543,Dylan Jones II,huntergary@roberts-blevins.net,39,"USNS Mckinney, FPO AP 99875"
544,Alex Little,bentleyjoshua@cook.com,44,"90546 Wolf Islands, Taylorborough, IL 43693"
545,David Johnson,owaters@gonzalez.com,50,"5797 John Crossing, North Valerie, GA 53789"
546,Julie Miller,johnsondanielle@hotmail.com,51,"486 Garcia Plain Suite 054, Jefferyview, OR 53458"
547,Kevin Perez,perryamy@kelley-taylor.net,24,"16786 Gail Mountains, Jonesbury, ND 26154"
548,Monica Ewing,vfrank@herrera.com,46,"152 Webb Spurs Apt. 562, Michellefurt, NH 65466"
549,Michael Curtis,jacqueline03@moore-kelley.net,47,"7644 Heather Parkway Apt. 500, Clarkborough, TN 45922"
550,James Figueroa,georgeromero@yahoo.com,49,"5807 Munoz Ports Apt. 101, Emilyton, MI 43285"
551,Mark Koch,johnsonbrian@gmail.com,53,"PSC 9296, Box 0364, APO AA 55455"
552,Crystal Melendez,courtney35@gmail.com,20,"714 Salazar Brooks Apt. 052, East Jared, MO 78568"
553,Brent Levine,castilloandre@larson-carter.com,46,"94785 Alice Estate, Port Anna, IA 31237"
554,Tiffany Forbes,valvarado@chapman.com,60,"USNV Lloyd, FPO AA 14438"
555,Jane Castillo,norman41@hotmail.com,27,"Unit 1513 Box 5068, DPO AP 75615"
556,Christopher Mcdonald,hmarks@gmail.com,24,"891 William Burgs Apt. 353, Lake Alexis, OR 25986"
557,Timothy Gilbert,patricia82@hotmail.com,52,"5429 Murray Viaduct, East Diane, MI 38672"
558,Mark Lane,adriana01@gmail.com,49,"662 Leblanc Stravenue Apt. 069, New Thomashaven, NM 85696"
559,Kevin Franklin,thomas12@bates.com,44,"16456 Gray Squares Apt. 073, Sharonborough, NE 58251"
560,Randy Nelson,fkemp@alvarez.com,54,"818 Ward Port Apt. 516, South Williammouth, MT 29256"
561,Michelle Webb,stephanie12@herring.org,49,"603 Joseph Mountain, Colleenhaven, PA 71812"
562,Lisa Stokes,wrightcharles@morse.com,50,"Unit 5139 Box 3577, DPO AP 43268"
563,David Mathews,smorrison@beck.com,44,"7336 Michelle Course, Lake Johnmouth, HI 66910"
564,John Cain,sullivanbenjamin@bolton.com,20,"8202 Stephanie Park, Lake Travisport, AZ 28348"
565,Sydney Smith,jacqueline66@stokes.com,39,"244 David Turnpike Suite 670, South Kevin, CA 07454"
566,Samantha Harris,linda04@mullen.com,22,"3475 Hansen Avenue, Ericamouth, AL 39067"
567,Dominique Wiley,pmoore@navarro-kelley.com,30,"32601 Middleton Drive, North Robert, OR 17731"
568,Lindsey Strickland,olivermichael@hotmail.com,56,"7942 Isaiah Brook Apt. 159, Port Margaret, NV 24578"
569,Christina Thompson,carolynmiller@summers.com,52,"62310 Tim Valley Suite 256, East Robert, IL 81346"
570,Kimberly Beck,thomasschneider@yahoo.com,55,"423 Madison View, Emilyfort, NE 89367"
571,Ronald Williams,amy76@gmail.com,43,"53045 Roman Field, East Oliviamouth, VT 28736"
572,Michael Montoya,thomaswright@gmail.com,31,"USS Moore, FPO AP 66361"
573,Kristin Hale,danny86@hotmail.com,21,"PSC 7686, Box 6271, APO AA 73139"
574,Brian Hall,kristinjackson@yahoo.com,37,"1879 Michelle Branch Suite 879, New Laura, NE 51717"
575,Laura Salas,jeannesmith@hayes.com,52,"7813 Carter Lake Apt. 841, West Michelle, TX 42352"
576,Brandon Hicks,kimberlyconner@vargas.com,19,"89029 Jennifer Extension, Lynnstad, ME 30818"
577,Justin Miller,cruzalicia@gmail.com,30,"7707 Anna Wells Apt. 283, Port Michael, AZ 22668"
578,Tiffany Ortiz,paultrujillo@hotmail.com,26,"PSC 0289, Box 9126, APO AA 21167"
579,Sandra Black,williamrichards@mcdaniel.com,23,"13981 Heath Mills Apt. 329, Ramirezport, NE 04182"
580,Leroy Ward,wilsonpeter@casey.com,32,"870 Laurie Corners Suite 965, East Christopher, ND 96754"
581,Joseph Villanueva,fcohen@baker.biz,26,"690 Mueller Burg Apt. 285, Port Adamchester, FL 89708"
582,Teresa Williams,kathleenperez@yahoo.com,40,"491 Jennifer Plaza Suite 826, Port Zacharychester, MO 31730"
583,Leslie Delacruz,williamsonkevin@davis.biz,25,"4435 Ryan Road, Hubbardstad, ME 95878"
584,Kayla Kemp,gunderwood@wilson-jones.biz,24,"388 Richards Shoals, Patrickville, MI 27381"
585,Maria Rose,tmyers@wells.info,55,"23436 Cunningham Fords Suite 883, South Keithbury, WI 07214"
586,Rose Petersen,gmorales@gmail.com,56,"6310 Martinez Junction, Watersfort, NH 27436"
587,Stefanie Hoffman,gjohnson@yahoo.com,46,"85263 Matthew Prairie Suite 375, Port Becky, OR 03977"
588,Jeffery Bell,joel97@gmail.com,38,"103 Martin Isle, Austinton, LA 87794"
589,Amber Rasmussen,casey49@guerra-king.info,37,"857 Rachel Overpass, North Ashleybury, NC 92343"
590,John Gibson,vmatthews@stafford.biz,39,"1332 Samuel Fords, Kaitlinland, NY 17004"
591,Rodney Neal,contrerasallison@oconnor.com,22,"98387 James Lakes, Duffyville, TN 25073"
592,Dale Singh,rachael38@hotmail.com,19,"0954 Williams Islands, South Angela, PA 01316"
593,Debra Gaines,slane@sanders.net,44,"31798 Daniel Fields, Jonathanfurt, DE 87800"
594,Donna Carrillo,omar09@yahoo.com,60,"4573 Cody Wall, West Tanya, AZ 07720"
595,Charles Peterson,wongjoshua@smith.com,34,"1593 Terry Shores Suite 323, Alexisberg, HI 04202"
596,Jeffrey Harvey,micheleellis@franklin.com,59,"90007 Dawn Wells, New Peterberg, VT 79596"
597,Charles Fisher,deborah44@hotmail.com,32,"787 Harrell Corner Apt. 556, Ashleyhaven, IL 69984"
598,Julie Lee,adam80@simon.com,41,"3449 Sean Valley, Nicholasborough, PA 50690"
599,Jonathan Powell,cookkenneth@yahoo.com,28,"65734 Anthony Plains, West Melanieville, IA 63758"
600,Victoria Scott,sortiz@cox-miller.com,43,"1152 Ramirez Curve Apt. 570, West Lisa, HI 17066"
601,Trevor Walter,nataliegraham@morris-mendoza.com,24,"028 Wood Lock, South Melissafort, CT 77321"
602,Andrea Garza,bryan15@yahoo.com,43,"35929 Carmen Circle, South Antonioton, WV 46212"
603,Eric Aguilar,skirby@hotmail.com,48,"1182 Kristin Curve, West Melissa, NV 05053"
604,Michael Snyder,danielthompson@jimenez-williams.com,21,"456 Thomas Lodge, Pricefort, OR 98459"
605,Lisa Gonzales,elizabeth12@yahoo.com,49,"926 Clay Forest, Lloydstad, ME 75865"
606,Misty Martin,wilkinstamara@gmail.com,45,"7172 Paula Haven Apt. 517, Port Claudiaberg, WI 98974"
607,Nicole Leonard,kristenmiranda@yahoo.com,29,"8966 Rodriguez Groves, Theresabury, OK 30558"
608,Brittany Valencia,hcamacho@johnson.com,40,"74871 Gonzalez Stravenue Suite 043, Jenniferfort, NE 86487"
609,Christopher Baker,denise19@hotmail.com,49,"38363 Davis Crescent Apt. 661, Powellchester, MO 34053"
610,Paul Morales,chiggins@gmail.com,58,"90225 Sally Lake, New Felicia, VA 67572"
611,Sharon Estes,jthomas@yahoo.com,23,"034 Taylor Flats Suite 293, South Megan, VT 34610"
612,Stephanie Finley,ambermcbride@chandler.org,38,"669 Benjamin Stravenue, Foleybury, MT 60786"
613,Brian Parker,haleylucero@hotmail.com,24,"9831 Nichole Fields Suite 203, Port Raymondmouth, CO 34407"
614,Rhonda Clark,brandy92@peters-bradley.com,52,"2449 Danny Plaza Apt. 348, Hughesport, MT 67596"
615,Lauren Hanna,robert27@yahoo.com,21,"81195 Reed Mission Apt. 611, South Monica, NV 60693"
616,Elizabeth Smith,kyle34@hotmail.com,40,"5575 Steven Fort, North Rebecca, TN 64800"
617,Aaron Bryan DVM,campbellsophia@gmail.com,26,"61895 Traci Skyway Apt. 385, Paulamouth, MN 28869"
618,Michael Johnson,jeffrey66@curtis.com,49,"PSC 0397, Box 2702, APO AA 70888"
619,Lance Bowen,david15@hotmail.com,23,"2325 Harvey Bypass Apt. 112, Sullivanview, OR 31170"
620,Amanda Hernandez,angela64@hotmail.com,47,"0195 Douglas Union Apt. 472, Reynoldston, DE 39649"
621,Karen Wood,thorntonbrett@cook.com,21,"Unit 0774 Box 3492, DPO AE 07553"
622,Phillip Peterson,stephanieharris@yahoo.com,27,"454 Roberts Stravenue, North Adam, WV 01640"
623,Alicia Garcia,ugarcia@mckee-ritter.org,41,"Unit 5357 Box 0828, DPO AE 91813"
624,Michelle Walsh,matthewpayne@hamilton-brown.com,32,"55095 Brandi Causeway, New Susanton, VA 24870"
625,Lisa Yates,marymorales@cisneros-king.com,49,"USCGC Hernandez, FPO AA 82021"
626,Johnathan Kane,sara28@pace-gilbert.com,55,"PSC 2580, Box 4368, APO AE 65313"
627,Connie May,foxsarah@gmail.com,35,"911 Kenneth Viaduct, Perryborough, OK 91316"
628,Mark Adams,melanie08@gmail.com,48,"0730 Kenneth Knoll Apt. 775, Boydberg, WI 40200"
629,Cindy Davis,iayala@mills.com,57,"PSC 2726, Box 3645, APO AP 96382"
630,Philip Jennings,barbara75@gates-bartlett.com,23,"999 Amy Passage, Michaelstad, WA 74913"
631,Tim Cruz,evansbill@barr-marsh.com,25,"PSC 9742, Box 8574, APO AE 41641"
632,Javier Smith,andregonzales@gmail.com,30,"PSC 7470, Box 0754, APO AA 23095"
633,Courtney Woods,parkshannah@gmail.com,59,"1902 Mitchell Underpass, Cookemouth, CA 78332"
634,Julia Wilson,jennifer56@taylor.biz,25,"1156 Hayes Valley Apt. 035, New Yolandaberg, ND 76868"
635,Roberto Perez,makaylaphillips@conley.org,54,"868 Day Stream Apt. 447, West Krystal, NC 14105"
636,Sherry Holloway,nicholas04@gmail.com,43,"7942 Porter Well, North Christopher, OK 57877"
637,James Powell,tiffanyhunt@webster.com,41,"Unit 7275 Box 3639, DPO AE 15339"
638,Christopher Chen,patrick75@gmail.com,39,"72964 Tanner Isle, Jeffreyburgh, LA 34180"
639,Randy Thomas,cwalters@hotmail.com,48,"4694 Johnson Cove Apt. 611, West Michael, CA 34531"
640,Jacob Vasquez,nelsonmercedes@gmail.com,30,"9284 Spears Villages, Turnerville, OH 72208"
641,Diana Rodriguez,whitesherry@reed.net,29,"296 White Cliffs Suite 457, North Richardton, SD 88529"
642,Cynthia Franco,margaretpeterson@house-barnes.biz,21,"74143 Thomas View Suite 654, South Raymond, NM 88641"
643,Maurice Fox,brownpeter@yahoo.com,32,"19214 Amanda Estates, East Jonathontown, NC 40847"
644,Robert Cortez,lisapage@hotmail.com,46,"4498 Tracy Extensions Apt. 068, North Troyfort, VT 46583"
645,Isabella Davis,jodylee@bowers-fischer.com,26,"8048 Johnson Fords Apt. 905, Lake Billytown, MI 34147"
646,Karen Burgess,tara43@yahoo.com,30,"58451 Hunter Islands, South Megan, SD 23070"
647,Maria Evans,cruzstephen@sparks.biz,55,"743 Griffin Rapids Apt. 183, Ethanview, MD 28242"
648,Nicholas Scott,abigail56@benjamin.com,38,"39444 Lutz Station, West Bryan, WI 28286"
649,Christopher Rose,ehancock@solis.info,21,"935 Carol Keys Suite 799, Theresastad, ME 93763"
650,Zachary Ayala,vangcynthia@hotmail.com,18,"436 Beasley Rest Apt. 590, Leeside, NE 78719"
651,Lucas Rich,jillyoung@suarez-pham.com,28,"39138 Mckenzie Shores, Pageport, WI 20832"
652,Jason Barber,lisa39@hotmail.com,31,"54545 Sanders Roads Suite 327, Port Connorville, OH 41425"
653,John York,patrickmark@carrillo-graves.net,51,"Unit 5099 Box 6895, DPO AA 19934"
654,Destiny Morton,loganhughes@fuentes-nelson.net,43,"17484 Nelson Ridge, Port Wendy, OR 40335"
655,Charles Smith,martintiffany@gmail.com,32,"42826 Aguilar Way Apt. 600, Fostertown, IN 37848"
656,David Cooper,brittany82@yahoo.com,28,"619 Coleman Road, Ryanfurt, AL 67611"
657,Robert Howard,teresa02@patton.com,41,"270 Nolan Track Suite 040, Sullivanhaven, IN 61706"
658,Daniel Yoder,reyesalexander@gmail.com,32,"244 Frederick Ridge, West Nicole, ME 48093"
659,Benjamin Wright,mccannmark@yahoo.com,33,"14370 Mcdaniel Skyway, New Sueberg, NY 19879"
660,Brittany Allen,sheila77@hendricks.com,23,"864 Robert Neck Apt. 836, Victoriastad, WA 67484"
661,Gabrielle Payne,willie82@young.org,33,"Unit 4794 Box 1171, DPO AE 40613"
662,Joshua Brown,angela59@pierce-hammond.org,59,"46826 Brown Mission Apt. 045, Mckenzieberg, GA 83017"
663,William Hopkins,joseph12@gmail.com,20,"593 Jeff Unions, Lisamouth, WV 33895"
664,Tiffany Hughes,cookstefanie@combs-ferrell.net,44,"35940 Michelle Pass, Seanmouth, DC 88198"
665,Charles House,thomasosborne@stewart-carlson.info,27,"1509 Baker Loaf, East Crystal, MD 38348"
666,Jennifer Richards,twaller@gmail.com,50,"9176 Herring Route, New Ashleyborough, MS 27029"
667,Brandi Rodriguez,lopezjames@higgins.com,40,"11968 Crawford Prairie, Tranville, ND 51080"
668,Susan Cline,danielmeadows@edwards.com,50,"85781 Day Parkway, South Abigailport, NY 95636"
669,Christian Cox,kevinwoods@bell.com,60,"75568 Stephanie Cliff, Ryanview, AK 85469"
670,Veronica Hudson,lwatson@yahoo.com,24,"9732 Deleon Corners Suite 669, Amyborough, PA 66527"
671,Elizabeth Richardson,stephen19@williams.com,54,"8675 Murray Vista Apt. 689, Barrerastad, MT 97101"
672,Christine Adkins,jenny57@durham.biz,32,"730 Mitchell Springs, Laneport, OH 49345"
673,Mr. Andrew Roberts,colton46@yahoo.com,23,"3559 Berry Run, Alfredside, IL 79609"
674,Levi Key,yluna@james-mcdowell.net,57,"06395 Shannon Brook Suite 688, New Daniel, OR 32717"
675,Autumn Campos,russell44@acosta-carson.com,30,"4873 Hanson Divide, Ellisland, OH 41550"
676,Mr. Ruben Johnson,pbrown@jones.com,54,"9847 Stephanie Mews Suite 197, Lanemouth, WA 93982"
677,Thomas Stewart,williamsjessica@yahoo.com,37,"893 Matthew Valley, Nguyenshire, CT 55567"
678,Michael Wright,webblauren@gmail.com,43,"1942 Jessica Estates, Port Christina, ND 62191"
679,Kristina Dean,anna76@yahoo.com,35,"7652 Erica Knolls, Baileyborough, NH 16380"
680,Laura Rogers,xcochran@yahoo.com,45,"4955 Crystal Mountains Suite 626, Kimberlyport, AR 36507"
681,Evelyn Mckinney,charlesnelson@gmail.com,28,"USNS Thompson, FPO AE 60035"
682,Paul Willis,jklein@yahoo.com,36,"31684 Cook Gateway, Davidmouth, NM 25968"
683,John Davenport,valdezjoe@blackburn.net,53,"2050 Vargas Locks, Lisatown, NM 95148"
684,Lee Olsen,dryan@morales-smith.com,39,"59841 Thomas Courts Suite 103, Biancashire, IL 66035"
685,Lisa Hobbs,johnsonheather@gmail.com,59,"6498 Lucas Ranch Suite 608, East Carlaville, VT 87673"
686,Gregory King,ylawrence@robinson.com,33,"3919 Shah Causeway, Port Morganborough, MI 52687"
687,Jeremy Flores,emilyhoward@gmail.com,55,"Unit 9232 Box 5311, DPO AE 03088"
688,Stephanie Davis,nbest@hotmail.com,50,"5912 Dana Corner Apt. 682, West Juan, MI 42235"
689,Jose Stewart,snyderjeffrey@gmail.com,26,"Unit 2942 Box 4940, DPO AA 52053"
690,Valerie Rice,freemandennis@smith.org,39,"444 Phillips Neck, Dawnfurt, OR 34174"
691,Anne Wilcox,nhansen@lambert.net,42,"7659 Williams Light, North Bobby, KY 96375"
692,Danielle Hayes,hjames@brown-peters.com,57,"826 Anderson Stravenue Apt. 185, South James, NY 53680"
693,Donald Jones,laura82@hotmail.com,54,"4339 Stewart Walk Suite 960, Grahamstad, AK 16788"
694,Shelly Hall,lauriewalker@gmail.com,58,"828 Joseph Fall, Seanstad, NJ 71325"
695,Alexandra Payne,ubennett@gmail.com,36,"3846 Meyer Pike, North Ashleyburgh, KY 47960"
696,Lonnie Scott,dhanson@yahoo.com,50,"13021 Gray Spring, West Katherine, KY 31990"
697,Jose Francis,lawsoncarla@lee.com,56,"2956 Andrews Prairie, Clarkton, GA 88771"
698,Daniel Combs,rlewis@day-armstrong.com,47,"006 Chang Isle, South Ryanside, VT 15630"
699,Denise Harris,jacob84@miller.com,52,"272 Carter Glens Suite 479, Thomasmouth, ND 86764"
700,Virginia Fisher,steeleandrew@bailey-reid.org,29,"25549 John Plaza Apt. 426, North Ricardotown, CT 10215"
701,Erin Smith,kathymalone@yahoo.com,25,"19368 Thomas Estates Suite 200, Lake Natalie, CA 52608"
702,David Miller,paulbender@gmail.com,25,"470 William Freeway Apt. 629, Alyssaton, SC 39243"
703,Daniel Jones,isaacsherman@gmail.com,53,"42714 Vance Row Suite 131, Markstad, DC 65126"
704,Tyler Leon,david96@phillips.org,27,"949 Beard Ports, Patrickbury, WV 79255"
705,Chelsea Mccoy,jamesanderson@yahoo.com,34,"2881 Walter Stravenue, East Walter, SD 00784"
706,Brett Kaiser,jonathancraig@gmail.com,44,"2322 Richmond Plain Suite 509, Munozhaven, MI 90055"
707,Kristy Rodriguez,nbrown@mcgee.net,45,"2381 Nicholas Station, North Jasonfurt, VA 95576"
708,Michael Bowen,lsmith@yahoo.com,31,"07711 Jacob Neck Apt. 476, North Robertport, DC 34312"
709,Laura Bautista,rosariofelicia@miranda-davis.com,58,"469 Christopher Path, East Joannestad, MT 88297"
710,Tracey Brooks,mirandahunt@anderson.biz,51,"2175 Kathryn Port Apt. 464, Marymouth, ND 16709"
711,Jennifer Harris,ann81@moore-smith.com,31,"9147 Elliott Points, South Gabrielmouth, NM 98211"
712,Stacy Pierce,susan62@gmail.com,39,"076 Kayla Square, Hunthaven, KY 08599"
713,Erin Smith,felicia96@hotmail.com,46,"6589 Carlson Centers, Nealstad, SD 51338"
714,Michael Young,roger92@howell.com,21,"280 Sean Course, Ericfurt, OK 17881"
715,Michael Martin,wardpaige@mills-terry.biz,46,"4992 Robinson Harbors Apt. 108, North Shannonstad, VT 14059"
716,Mikayla Anderson,neilsilva@hotmail.com,52,"432 Melinda Keys, New Jaredland, IN 97479"
717,Tony Morgan,jonesbonnie@ellis.org,32,"2283 Novak Plains Apt. 909, East Lancestad, MS 37760"
718,Angela Campbell,mahoneydylan@chen.com,35,"7025 Jimmy Fords, North Alexa, GA 72881"
719,Jonathan Palmer,jonescynthia@medina.info,43,"13885 Elizabeth Dale Apt. 325, South Taylorville, MN 69448"
720,Amy Bailey,zachary97@hotmail.com,28,"0203 Matthew Village Apt. 494, Port Tracey, VT 25543"
721,Joseph Miller,agiles@anthony.com,31,"746 Brian Pike, New Rebecca, DE 68619"
722,Mrs. Karen Patton,mannluke@yahoo.com,29,"44613 Wanda Mall, Johnsonshire, FL 60861"
723,Theresa Anderson,francomichael@anderson.biz,46,"1861 Powell Rue Suite 065, Coxberg, KY 81182"
724,Tiffany Hall,osanchez@gmail.com,31,"70643 John Forge, Josephhaven, IN 08612"
725,Dr. Marissa Small DDS,bennettanthony@yahoo.com,36,"008 Smith Valley Apt. 719, Johnsonfort, IN 54517"
726,Janet Sweeney,dawndavis@campbell.com,22,"91736 Nicole Lake Apt. 249, Lake Hannahland, MO 05611"
727,Gerald Perry,clopez@gmail.com,22,"80134 Allison Place, East Thomaschester, SC 95954"
728,Briana Wood,jmacias@yahoo.com,35,"756 Erica Junctions Suite 587, North Michaelport, KS 05488"
729,William Wilcox,anna44@hotmail.com,38,"38170 David Meadow Apt. 079, Port Williamburgh, PA 46034"
730,Thomas Sanchez,cperez@gmail.com,46,"39760 Jennifer Groves Suite 766, East Justin, AZ 50962"
731,Anna Stevenson,hayesjames@gmail.com,43,"9352 Frank Lake, Jeremyborough, WV 50450"
732,Kevin Mullins,aguirrelisa@williamson.biz,56,"040 Lauren Trafficway Suite 567, Kimberlymouth, VA 94112"
733,Derek Powell,williamsjon@gmail.com,51,"421 Wendy Plaza, Andersonstad, WA 88033"
734,Anita Dodson,jessicawilliams@yahoo.com,23,"05295 Henderson Streets Apt. 608, Averyberg, AR 25491"
735,Gerald Santiago,bauertiffany@yahoo.com,36,"83361 Patrick Road Apt. 169, East Johnny, IA 05709"
736,Joseph Garcia,david08@buck-stewart.com,47,"4624 Perez Plaza Suite 548, Lake Thomasport, ID 80368"
737,Mark Jones,calhounjulie@hartman.info,48,"249 Fernandez Springs, New Johnview, ND 57309"
738,Daniel Roberts,jacksonjeremy@donaldson.com,44,"560 Goodman Shore, Rhondashire, WV 91691"
739,Jacob Alexander,qcarpenter@yahoo.com,26,"4544 Hooper Key, Lake Annetteville, VA 10986"
740,Patricia Benjamin,sharonlowe@hotmail.com,59,"1976 Wilson Isle Apt. 947, South Michael, NJ 63014"
741,Susan Nunez,mmata@yahoo.com,55,"USS Horne, FPO AA 77508"
742,Pamela Moreno,qrogers@gmail.com,43,"1234 Linda Island Apt. 006, Stephensview, ND 59682"
743,Amanda Wright,kyledavidson@hotmail.com,28,"00047 Barbara Port Apt. 511, Johnsonport, RI 52841"
744,George Rowe,xschmidt@hotmail.com,31,"910 Timothy Squares, North Jonathan, NH 12221"
745,Leslie Gibson,sunderwood@harris.net,33,"6829 Diana Stream Apt. 112, West Vanessa, TX 47663"
746,Ronald Norton,loribrown@lane.biz,51,"263 Amy Coves Apt. 984, Tiffanyview, CO 72143"
747,Derrick Taylor,kristinperkins@gordon.biz,51,"9127 Johnny Springs, New Russellville, WV 25602"
748,Chase Lopez,aallen@cruz.net,23,"945 Elizabeth Stravenue Apt. 074, Melissaview, AR 58553"
749,Emily Smith,egreen@yahoo.com,39,"443 Evans Port, Angelahaven, NJ 08392"
750,Nicholas Brown MD,timothy81@butler.org,22,"270 Barbara Trace Suite 853, South Jenniferville, WY 67948"
751,Dawn Briggs,jeremy44@scott-jennings.biz,21,"859 Ward Squares, Stephenshire, MD 59982"
752,Daniel Lynn,woodardjoshua@yahoo.com,20,"18128 Maxwell Viaduct Apt. 734, Lake Carolynville, IN 23528"
753,Jose Nichols,johnsonjulie@hotmail.com,24,"1913 Tyler Stravenue, Port Luisfurt, WY 72971"
754,Shannon White,lee04@gibson.biz,20,"59560 Gonzales Club, North Emily, IA 24386"
755,Sandra Bridges,ericnorris@west.com,18,"3888 Richard Crescent, Mcgeeside, MA 71754"
756,Brandi Fitzgerald,pearsondavid@gmail.com,25,"831 Calvin River Apt. 941, Lake Jeffchester, FL 59969"
757,Kevin Martinez,orrchristopher@marshall.com,31,"787 Ford Vista, Wagnerport, FL 68121"
758,Phillip Hernandez,whitedavid@wallace.com,32,"679 Heather Stream Suite 791, West Daniel, MD 78494"
759,Patrick Anderson,martinezmatthew@morgan.com,43,"14371 Thornton Forest, East Jessicaton, MA 20980"
760,Noah Simon,arthur11@yahoo.com,32,"16052 Jessica Key, Mariashire, TN 41743"
761,Victoria Conway,paige17@johnson-stevens.com,52,"935 Knight Wall Apt. 103, Howardmouth, AL 12036"
762,Robert Lee,whitegregory@gmail.com,46,"80092 White Fords Suite 665, Rebeccatown, SD 59566"
763,Dawn Wilson,hsullivan@hotmail.com,52,"0244 Ashley Estates Suite 217, Marissatown, IL 08500"
764,Sharon Torres,qortega@hotmail.com,55,"681 Dawn Summit Suite 911, East Joshua, OR 32981"
765,Sean Dixon,tyler27@gmail.com,56,"74986 Garrett Brooks Apt. 882, East Jasonland, CT 13452"
766,Mrs. Megan Lam,sarah65@booth.com,30,"732 Douglas Keys, New Michael, PA 88901"
767,Michelle Hayes,thompsonmary@gmail.com,40,"Unit 9727 Box 5265, DPO AE 28385"
768,Valerie Rios,greerlisa@holland-oneill.biz,26,"455 Sweeney Alley, Hallstad, MO 23834"
769,Morgan Dillon,sellerstammy@yahoo.com,55,"635 Black Canyon, Kristinville, FL 07172"
770,Daniel Washington,benjaminanderson@gmail.com,48,"7941 Chang Branch Apt. 802, North Rebeccamouth, MO 64334"
771,Stacey Calhoun,edwardturner@hotmail.com,32,"846 Mikayla Hill Apt. 440, Raymondstad, NH 04309"
772,Sonya Farrell,hmadden@stanton.com,32,"153 Thomas Mills, East Lisa, VA 17735"
773,Paul Craig,ugordon@hotmail.com,53,"0450 Kenneth Skyway Suite 700, Ericksonhaven, NY 86686"
774,Kayla Castillo,allenanita@kline-snyder.com,24,"193 Jose Ferry, West Daniel, OK 24085"
775,Dana Keller,carolyn12@hotmail.com,46,"Unit 5166 Box 0226, DPO AP 38636"
776,Krista Nguyen,joshuastanley@hotmail.com,20,"522 Pham Park Apt. 979, South David, MD 21847"
777,Laura Nunez,jeffrey89@morton.com,29,"Unit 3475 Box 8255, DPO AE 45517"
778,Anthony Ingram,zimmermanapril@gmail.com,28,"9413 Gonzalez Crescent Apt. 922, Jessicaburgh, AL 03141"
779,David Wheeler,mcdonaldgabriel@fuller-thomas.com,56,"031 Christopher Track, Joneshaven, GA 77101"
780,John Davis,pamela44@johnson-cain.com,54,"72056 Baldwin Points, Morristown, OR 06356"
781,James Jones,stephen29@ray.net,21,"310 April Court, New Brian, SC 36692"
782,Jason Meadows,tracey94@hall-huff.com,50,"80909 Stanley Fort, West Williamside, KS 03193"
783,Matthew Robinson,sheltonholly@fuller.net,56,"1733 Warren Port, Dawnside, NC 33538"
784,Kelly Powell,timothy31@lucas-weber.com,39,"02224 Olivia Cape, Crystalberg, IN 37695"
785,Michael Andersen,charleskim@gmail.com,32,"7056 David Crescent Apt. 800, Sarahport, ND 36374"
786,Tiffany Rodriguez,hallkathryn@hotmail.com,19,"871 Ryan Skyway Apt. 113, Lake Luke, FL 82783"
787,Patrick White,anthonyrodriguez@yahoo.com,47,"8720 Susan Fords, Nicholastown, ID 51762"
788,Colton Reeves,michaelwilliams@wilson.com,42,"71126 Sullivan Forks, Paulton, KY 08554"
789,George Ray,brandonbrown@hotmail.com,34,"Unit 4787 Box 2153, DPO AA 69387"
790,Miranda Dunn,dbrown@gmail.com,38,"691 Reyes Plaza Suite 086, Port Daniel, MA 04363"
791,William Watson,johnsonbrett@gmail.com,52,"249 Wu Island Suite 755, West Gary, TX 06783"
792,Evan Jackson,wongsharon@hotmail.com,30,"749 Nelson Rapids Apt. 560, North Zachary, MN 87199"
793,Christine Brown,john18@gmail.com,32,"4767 Carlos Parkway Suite 597, Christietown, MS 55218"
794,Geoffrey Martin,zbonilla@white.info,49,"52018 Thompson Extensions, Rickyville, MA 18123"
795,Sean Adkins,laraheather@yahoo.com,55,"93882 Ryan Mission, Smithbury, WY 78108"
796,Larry Rodriguez,uwatson@gmail.com,21,"6774 Natasha Extension Suite 675, Cohenfurt, TX 32231"
797,Ashley Gates,douglascarl@gmail.com,28,"8429 Gray Passage, West Kathrynland, DE 08626"
798,William Ellis,williewalls@gmail.com,36,"Unit 4752 Box 5372, DPO AA 19978"
799,James Evans,gabrielabarron@adams.com,45,"8282 Flores Manor Suite 066, South Frank, NH 51664"
800,Janet Hughes,meyersmartin@yahoo.com,52,"9271 Maureen Village, Jacquelineside, AZ 27317"
801,Joshua Robles,tom22@turner.com,27,"82926 Todd Track Suite 422, New Philip, PA 02801"
802,Douglas Brooks,josephbaird@coleman.com,29,"764 Andrea Ville, Lake Williamstad, CO 26330"
803,Paula Caldwell,xmiller@hotmail.com,54,"059 Mitchell Lodge Suite 255, Dawnstad, KY 78965"
804,Steven Jackson,cmadden@hotmail.com,36,"Unit 1159 Box 5368, DPO AP 60322"
805,Autumn Garrett,brianmurphy@hotmail.com,48,"876 Carla Mission Apt. 942, North Carlyville, MI 98242"
806,Shannon Gray DDS,paul65@hess-baker.com,25,"1391 Yolanda Ranch Apt. 870, Lake Marissa, PA 31913"
807,Patrick Newman,casechristopher@kennedy.com,52,"32000 Green Shores, Janemouth, MT 29404"
808,Rachel Schwartz,roblesdanielle@larson.com,31,"712 Kelly Way, Williamstad, WY 43126"
809,Bryan Horton,daniel76@calhoun.org,52,"6470 Jackson Stravenue, Amyfort, AZ 79699"
810,Lori Garcia,calvinellis@yahoo.com,35,"20632 Miller Dale Suite 768, Mccoymouth, RI 03087"
811,Jermaine Wright,xford@gmail.com,49,"593 Krause Estates, Lake Jacobstad, DC 98690"
812,Mark Johnson PhD,russelltravis@potter.net,53,"575 Henderson Key Apt. 114, East Tanya, DE 92458"
813,Richard Austin,nalvarado@brown.com,20,"PSC 1907, Box 5496, APO AE 39392"
814,Gregory Rodriguez,markmelendez@brown-walker.com,40,"275 Sharon Union, Daniellefurt, MI 45380"
815,Steven Hall,melissa01@gmail.com,56,"9569 Teresa Keys, Hallland, GA 03860"
816,Laura Wells,ojackson@wise-duarte.biz,19,"324 Renee Glens, Aaronfort, AL 25639"
817,Jordan Mann,stephanie16@williams.org,47,"99458 Higgins Walks, Allentown, NJ 16763"
818,Rebecca Johnson,gerald14@yahoo.com,58,"9747 Joe Fords, Carrbury, MA 32082"
819,Sarah Lee,heathjoseph@ford.biz,25,"873 Steven Falls Suite 814, Heidihaven, HI 76946"
820,Shelly Russell,seth04@gmail.com,44,"983 Spears Cape, Port Christopherland, CT 95963"
821,Madeline Evans,davisrobert@gmail.com,39,"9624 Fowler Square, Hopkinsport, CA 33294"
822,Candace Fisher,brian42@hotmail.com,22,"52011 Robert Turnpike, Charlesland, VT 82576"
823,Robert Murphy,leeandrew@yahoo.com,55,"359 Norris Corner Suite 225, South Paula, PA 67272"
824,Taylor Clark,ewells@nichols.com,25,"90317 David Tunnel, Garyside, CA 44397"
825,Monica Chavez,mwright@hotmail.com,38,"0566 David Mews Suite 287, Robertmouth, NH 12031"
826,John Rodriguez,andrewschwartz@sanchez-robinson.biz,54,"31014 Johnson Ville Apt. 132, Phillipsshire, MD 23823"
827,Kaylee Sullivan,davidjordan@yahoo.com,34,"1129 Robert Landing, South Matthew, AL 87862"
828,Robert Jensen,fmitchell@martinez.info,26,"881 Caleb Cape, Smithmouth, WV 30351"
829,Gina Brown,ohall@yahoo.com,58,"3845 Michelle Manors, Wolfview, CA 41866"
830,Shawn Booth,brittanysimpson@harrell.biz,54,"802 Miller Fields Apt. 456, Coryborough, NY 51408"
831,Mary Griffin,tmatthews@hotmail.com,28,"9581 Gonzalez Harbors, Jamesmouth, OR 22298"
832,Morgan Williamson,ffoley@gmail.com,34,"81317 Taylor Burgs Apt. 340, West Tinaport, KY 44733"
833,Alexander Martinez,ogonzales@gmail.com,29,"42202 Alexis Ridges Apt. 342, Marshallton, IN 25118"
834,Robert Miller,thomasnicole@wright-baker.com,26,"454 Estes Highway Suite 364, North Christopherberg, CO 62184"
835,Curtis Robinson,simmonskristen@gmail.com,36,"833 West Stravenue Suite 664, Turnerchester, DE 02147"
836,Stephen Allen,christopherallison@hotmail.com,58,"3836 Pamela Valley, Davidtown, IN 24203"
837,Mark Cannon,brittneywilson@hotmail.com,22,"04413 Sheila Villages, Justinton, UT 74842"
838,Lucas Martinez,lhunt@wagner-daniels.com,31,"500 Marcus Square, Nicholsview, KS 01350"
839,Michael Lewis,john34@hotmail.com,30,"83960 Timothy Well, Kellyburgh, MI 12925"
840,Robert Wilson,kelsey19@holden.info,22,"988 Cline Squares, West Linda, TX 99010"
841,Barbara Nguyen,lrivera@hotmail.com,47,"USNV Smith, FPO AP 41253"
842,Aaron Santiago,terri56@gmail.com,36,"40338 Kayla Locks Suite 527, Carrollburgh, NE 58526"
843,Zachary Thompson,douglas78@hotmail.com,51,"Unit 8699 Box 4103, DPO AP 18980"
844,Christina Davis,bvance@yahoo.com,58,"662 Martinez Lights, Dustinmouth, MA 51797"
845,Brittney Thompson,johnsonkelli@henson.com,33,"0826 Grant Row, Bakershire, SD 28114"
846,William Gonzalez,tammygriffin@gmail.com,25,"184 Arnold Turnpike Suite 672, Lake Jodiburgh, UT 61170"
847,Melissa Hernandez,vshort@salazar.net,54,"9396 Kelley Coves Apt. 219, Andrewsbury, MS 27538"
848,Jason Miller,richardchapman@norton-davis.com,23,"741 Marcus Rapid, Lake Meganton, FL 19187"
849,Seth Stone,lopezshannon@jackson.com,29,"990 Jackson Island Suite 167, Sharonfurt, TN 15784"
850,Allison Jones,harpermatthew@yahoo.com,23,"1270 Mccann Squares, Alvarezmouth, NJ 92525"
851,Sonya Hernandez,colekeith@hotmail.com,45,"Unit 3359 Box 0918, DPO AA 81634"
852,Desiree Holmes,kswanson@gmail.com,52,"3975 Shannon Ridge Apt. 825, East Melissaburgh, NJ 37671"
853,Bobby Harris,turnerwendy@johnson.com,49,"110 Colin Cape, North Matthew, MT 37012"
854,Angela Johnson,mramos@lewis-adams.net,40,"84634 Daugherty Tunnel Apt. 140, West Angela, CT 79379"
855,Gary Yoder,fperez@hotmail.com,52,"52360 Mathews Flat, Johnhaven, OH 75994"
856,Gregory Davis,iperry@white-thompson.org,22,"9080 Eric Locks, Michaelfurt, OR 17654"
857,Brenda Thomas,whansen@yahoo.com,60,"82006 Dana Villages, Brownchester, ND 64783"
858,Leonard Miller,millsmarissa@smith.com,42,"PSC 3420, Box 6722, APO AA 01226"
859,William Horton,bethanynguyen@vargas-marshall.biz,47,"271 Williams Prairie Apt. 167, Lake Jeromeborough, FL 48318"
860,David Morse,hannah95@yahoo.com,43,"879 Richardson Course Apt. 908, North Jeffery, WY 97046"
861,Maria Terrell,mary52@delacruz.com,42,"5729 Matthew Lodge Suite 282, South Andreaview, TN 31892"
862,Amanda Morrow,wucindy@hotmail.com,41,"4094 Jared Centers Suite 323, Russellberg, TN 43453"
863,David Jones,michael60@young.biz,48,"38707 Donna Mount Suite 253, East Connorhaven, IN 63881"
864,Kimberly Zhang,gshaffer@yahoo.com,18,"237 James Parkways Suite 822, West Melissahaven, ID 99606"
865,Louis Morgan,hebertjessica@gmail.com,49,"1004 Forbes Brook, Rioston, RI 30648"
866,Kristy Rodriguez,travisdowns@fuller.org,28,"014 Kristina Hills, Rachelport, ME 95680"
867,Michael Smith,shannonperkins@peterson.com,23,"87305 Thomas Route Suite 158, Hudsonmouth, UT 44957"
868,Julie Thomas MD,michael26@jones.net,24,"PSC 9506, Box 4404, APO AA 29747"
869,Marc Lee,zsmith@baker-williams.com,55,"66326 Jeffrey Stravenue Suite 703, West Christopher, NE 29696"
870,Jose Meyer,amanda11@yahoo.com,37,"Unit 3556 Box 5744, DPO AE 94768"
871,Jennifer Thompson,lgreen@humphrey-orr.com,31,"9670 Stephens Pines, Kathyfurt, WI 90472"
872,Donald Becker,johncombs@gmail.com,46,"88773 Jason Estates Apt. 610, East Matthewfurt, KY 76424"
873,Amy Porter,sharonmyers@yahoo.com,39,"PSC 4288, Box 0075, APO AP 86611"
874,Russell Morales,vickistanley@campbell.org,28,"2183 Savannah Dale, Clarkhaven, CO 64121"
875,Joseph Ramirez,fisherkatherine@gross-sanders.com,47,"268 Corey Row, Raymondport, MO 73690"
876,Ashley Johnson,veronica99@hotmail.com,24,"302 Brianna Ports Apt. 475, West Jessicaport, PA 77343"
877,Bradley Davis,kimberlybrooks@simmons.net,29,"32152 Chavez Lane, Velasquezfort, NE 91914"
878,Michelle Lopez,krista41@gmail.com,18,"397 Bradley Port, Jamesbury, ND 06386"
879,Matthew Sampson,rachelhouston@gmail.com,56,"7689 Stephanie Corners, Myersville, IN 85651"
880,Norman Rodriguez,lisagreen@waters.com,57,"81242 Andre Wall, East Michaelbury, ME 13242"
881,Teresa Dalton,qjones@white.org,53,"83584 David Radial, New Arthurshire, CT 31091"
882,Joseph Baker,amartin@walker.com,24,"48569 Cook Vista, Port Jonathan, CT 56326"
883,Terry Vargas MD,robertortiz@hotmail.com,39,"PSC 5650, Box 5193, APO AA 74104"
884,Ashley Miller,ujackson@barton-figueroa.com,26,"64035 Bartlett Radial, Jamesshire, ID 60935"
885,Amanda Howard,stephenbaker@hotmail.com,21,"686 Vincent Spur, South Jacob, IL 97329"
886,Jamie Cook,timothy66@arnold-lee.biz,56,"5967 Carr Ville Apt. 983, East Bailey, SD 58743"
887,Sarah Houston,rmartinez@yahoo.com,53,"504 Foster Mill, South Edwinton, LA 27656"
888,Wendy Le,alexis42@davis.info,38,"46836 Hayley Well Suite 265, East Peter, AR 25505"
889,Elizabeth Holloway,bowenchad@gmail.com,34,"3005 Samantha Hollow, New Ericmouth, MN 81343"
890,Jack Hooper,jessicamurphy@robinson.com,26,"30515 Adam Lakes, New John, SC 35616"
891,Lisa Burch,adriennewillis@hotmail.com,46,"780 Lindsay Crossing, Villarrealside, KY 99161"
892,Karen Morris,psmith@gmail.com,48,"28948 Kennedy Shoal Apt. 241, Garciamouth, UT 14693"
893,Nancy Thomas,owalker@garcia.com,30,"99056 Simmons Ridges Suite 933, Charleshaven, AK 32934"
894,Danielle Osborne,randalljackson@yahoo.com,29,"8318 Roberts Motorway Apt. 212, Lake Tylerview, KS 18830"
895,Joshua Velazquez,cclark@macias.net,39,"074 Simmons Curve, Markstad, KY 24289"
896,Brendan Keller,bakermitchell@gmail.com,36,"86527 Sarah Parks, Lake Michael, SD 74768"
897,James Salazar,garydickerson@roberson-francis.org,48,"269 Richard Brook, West Ashley, NJ 41542"
898,Anthony Norman,lisanichols@marsh-martin.com,27,"8229 Tyler Prairie, Port Jacobtown, IA 97079"
899,Tammy Rubio,rebeccacarey@hotmail.com,21,"Unit 7224 Box 6761, DPO AE 35193"
900,Paula Elliott,ilucero@watson.com,36,"5144 Richardson Cove, East Courtney, MD 33724"
901,Anna Gonzales,wrightedward@hotmail.com,23,"612 Joshua Village Apt. 044, East Amber, SC 59513"
902,Mark Greene,paul15@sherman-gomez.com,43,"967 Monroe Junction, Lake Rebekah, MN 96107"
903,Mrs. Nancy Jones,heathermontgomery@yahoo.com,51,"71525 Henderson Ranch Suite 166, Jacquelineview, MI 15807"
904,Tyler Johnson,brandon26@orr-hughes.com,59,"8529 Diane Club Apt. 723, Port Alejandrobury, ID 36817"
905,Christina Davis,benitezjerry@hale.org,33,"Unit 8469 Box 5022, DPO AP 58610"
906,Christine Smith,maryharris@yahoo.com,53,"61940 Jonathan Locks, Leslieborough, NH 73349"
907,Patrick Macias,markseric@bradley.biz,48,"2493 Jones Throughway Apt. 614, North Amber, KY 44545"
908,Hannah Odom,danielle10@gmail.com,18,"Unit 7977 Box 0151, DPO AE 97287"
909,Jared Hicks,emily62@bailey-kelley.com,23,"90756 Dominic Court Apt. 722, New Tyler, CT 08608"
910,David Hansen,usanford@hotmail.com,26,"04797 Randall Fort, North Matthew, WI 22733"
911,Lori Macdonald,oscarrichardson@hotmail.com,27,"165 William Street Suite 575, North Beverlyside, MS 66026"
912,Robin Lewis,eatontara@hill.net,20,"83071 Erika Drives, East Victoriafort, LA 68072"
913,Lawrence Mitchell,snydermatthew@tyler.com,42,"6744 Adams Stravenue Suite 268, Nathanberg, NJ 86758"
914,Courtney Carlson,proberts@yahoo.com,60,"USNS Evans, FPO AP 20134"
915,Lori Williams,robleshannah@oliver-hunt.com,25,"33661 James Pike Suite 103, Hernandezshire, CO 46493"
916,Russell Martin,esolomon@gmail.com,18,"7980 Lisa Turnpike Apt. 818, Chenland, WY 29639"
917,Sheryl Zimmerman,deannarhodes@hotmail.com,36,"77816 Davidson Roads Suite 259, Erinton, CT 53641"
918,Debbie Brown,millertaylor@hotmail.com,44,"85086 Russell Lake Apt. 078, Gardnerberg, HI 67845"
919,Kevin Stone Jr.,garrettgeorge@hotmail.com,48,"582 Saunders Square Apt. 019, Valentinefort, AL 06684"
920,Tyler Bowen,ccarlson@yahoo.com,33,"PSC 9263, Box 2000, APO AA 66814"
921,Jason Lee,monica44@hotmail.com,32,"506 Crystal Drive Apt. 938, North Williamburgh, MA 73298"
922,Casey Holmes,ianhanson@brown.org,58,"60070 Murray Crescent Suite 878, Rebeccamouth, KS 57659"
923,Aaron Brown,mclaughlinashley@reyes.com,54,"07342 Snyder Key, Port Donald, WI 73631"
924,Allison Ramos,stephanie24@castillo.com,28,"7547 Michael Forest, West Robert, GA 93559"
925,Adam Hart,anthonyhughes@yahoo.com,31,"01987 Monique Orchard, Port Harold, SC 05063"
926,Joshua Delgado,baxtersara@johnson-davis.net,33,"6482 Smith Stravenue Apt. 923, Knappside, WY 76694"
927,Susan Hawkins,courtneywade@webster.com,46,"17235 Nina Bridge, East Stephenburgh, OR 89146"
928,Hunter Hoffman,dianemccarthy@mayo.com,49,"Unit 9134 Box 2326, DPO AE 10124"
929,Nancy Ray,laura70@gmail.com,21,"USNS Davis, FPO AE 46170"
930,Steven Garcia,parkerbrandon@hotmail.com,49,"976 Alex Rapid Apt. 574, Port Cheryl, CA 58776"
931,Rachel Klein,brandonbass@vaughan.com,49,"043 Melinda Springs Suite 195, New Toddhaven, FL 81885"
932,Timothy Dudley,stacy14@nunez.org,41,"71342 Rogers Squares Apt. 150, North Julie, LA 92769"
933,William Roy,danderson@moore-gonzales.com,49,"1545 Wall Isle Suite 683, West Vanessafort, VT 77836"
934,Jennifer Mcdaniel,darin53@gmail.com,26,"USS Dennis, FPO AP 83484"
935,John Rogers,gonzalezwendy@hotmail.com,59,"81994 Kristy Expressway Suite 377, East Danaberg, NC 17445"
936,Bill Kennedy,david97@lopez-wilson.com,25,"9880 Laura Land Suite 448, South Stevenstad, OR 96367"
937,Laura Morton,yfranklin@gmail.com,47,"1883 Julia Summit, Jessicaberg, WV 38282"
938,Justin Sandoval,rodriguezsandra@yahoo.com,32,"4981 Taylor Tunnel Suite 261, Lisatown, OK 20727"
939,Sarah Dunn,kathy72@yahoo.com,22,"845 Travis Cliff, Port Nathan, NC 12248"
940,Jason Dixon,mvargas@hartman-bryant.com,46,"646 Hawkins Inlet Apt. 126, Markfurt, AK 65225"
941,Jeffrey Beasley,shelbypatel@shepherd-george.com,52,"066 Thompson Vista, South Kevin, OR 35447"
942,Daniel Williams,kathytaylor@hotmail.com,25,"7430 Michael Ports Apt. 448, New Roger, MA 18131"
943,Monique Mathis,julierollins@baker-lopez.com,29,"46772 Gregory Plains, Solomonfort, IA 05751"
944,Stacey Jones,ngraham@schneider.com,58,"5003 Macdonald Extensions, Port David, TN 65778"
945,Briana Porter,kdonaldson@mckinney-suarez.com,60,"7011 Woods Wells, Lloydbury, TN 74144"
946,Charles Wilson,robertperez@turner-santiago.org,45,"USNS Moore, FPO AE 33977"
947,Bradley Eaton,mariahodges@brown-krause.com,27,"2867 Graham Shores, Nicoleside, AZ 68613"
948,Dana Peterson,eddie88@gmail.com,32,"17112 Ashley Valleys, Singhtown, CO 84680"
949,Deborah Escobar DVM,carolmoore@yahoo.com,42,"352 Daniel Avenue, Jodyton, NE 53116"
950,Mark Hester,berryelijah@yahoo.com,49,"73816 Knight Vista, Gordonchester, IN 26528"
951,Kevin Bailey,ryangilbert@richards-johnston.biz,46,"7818 Tamara Tunnel, Whitefort, FL 38739"
952,Calvin Bullock,wwilliams@porter.com,30,"60691 Ingram Wells, Silvaborough, MS 61108"
953,Elizabeth Lopez,tonysheppard@martinez-warren.org,21,"26590 Cindy Center, South Natashaview, OK 93708"
954,Jason French,rbutler@schultz.com,24,"2171 Dunlap Islands Apt. 520, West Davidstad, CO 67068"
955,Elizabeth Lawrence,schmidtjackson@gordon-snow.com,40,"889 Kim Spur, Maxwellmouth, IL 66008"
956,Ashley Moore,erica04@gmail.com,24,"Unit 9999 Box 8565, DPO AA 74854"
957,Henry Smith,davidwilliams@french.net,30,"7471 Timothy Wall Apt. 976, Tapiaborough, NH 02084"
958,Ruben Benjamin,lross@gmail.com,28,"685 Nancy Rue, East Autumn, CO 71384"
959,Beth Schneider,colemancaleb@lewis-castro.com,48,"Unit 4263 Box 2714, DPO AE 63859"
960,Lori Ferguson,rebecca07@hotmail.com,58,"1052 Ronald Heights, Bridgesburgh, MS 79249"
961,Jack Oliver,ramirezjessica@stein.com,29,"5425 Joanna Station, Melissaview, MO 85025"
962,Nicholas Wilson,imoore@yahoo.com,38,"35745 David Islands, Wilsonton, MD 32517"
963,Kaylee Rodriguez,kelseytaylor@yahoo.com,47,"47001 Mike Burg, Burnsberg, MO 11456"
964,Margaret Chavez,gblake@murphy.com,45,"39009 Austin Gateway, Randolphfort, AK 47359"
965,Justin Torres,trichard@kelly-wells.com,22,"8817 Julie Vista Apt. 191, Jenniferborough, CT 67402"
966,Ann Roberts,jennifer88@fitzpatrick-crawford.com,39,"885 Sandra Rest Apt. 907, West Andreaton, MA 45707"
967,Henry Arnold,bstrickland@tapia-bell.com,37,"515 Natalie Cape, Port Elizabeth, AZ 87612"
968,Brad Simpson,jasonguzman@baker-jackson.com,57,"11262 Mary Knolls Apt. 727, East Amy, DE 04370"
969,Susan Cunningham,hlewis@yahoo.com,48,"PSC 1611, Box 4963, APO AE 02435"
970,Alexandria Pena,bradley81@callahan.com,58,"0505 Smith Isle Suite 699, Kentland, ND 20516"
971,Kenneth Kelly,amybrennan@gmail.com,30,"Unit 5381 Box 7520, DPO AE 84835"
972,Tracy Wells,xsmith@gmail.com,51,"959 Moore Centers, Cortezfort, NH 44898"
973,Timothy Jensen,kingsamuel@yahoo.com,55,"7550 Perry Inlet, Sheltonton, NY 86982"
974,Andrew Wright,fdean@gmail.com,51,"658 Martinez Inlet Apt. 160, East Reneehaven, TX 25289"
975,Danielle Curtis,timothy59@schneider.org,32,"112 Michael Mews, Millerstad, WI 68579"
976,Matthew Simpson,jennifer55@gmail.com,24,"95552 Michael Corners, Christineton, AL 87675"
977,Michael Robinson,ashley15@watkins.biz,57,"643 Vincent Passage Suite 055, West Arthurbury, NC 79727"
978,Miguel Pitts,randalleric@hotmail.com,52,"676 Robinson Bridge Suite 995, South Lindsey, NC 12422"
979,Derek Park,johnsonkaren@hotmail.com,46,"4623 Morgan Expressway Apt. 014, West Kayla, SC 32224"
980,Samantha Joseph,ischroeder@gmail.com,50,"81351 Wright Ports, Port Brittanystad, OK 35105"
981,Mrs. Tanya Shepherd,zwilliams@hotmail.com,32,"90322 Sean Parks, Thomasfort, WI 29339"
982,Wesley Parker,brittany64@hotmail.com,18,"2262 Chang Shores, East Stephaniestad, VA 36819"
983,Tanya Lewis,pcollins@robertson.com,46,"64487 Natalie Stream Suite 888, West Jasmineberg, NY 58751"
984,Lance Williams,jgonzales@rodriguez.com,39,"8121 Ramirez Flats, Port Ronald, IN 56311"
985,Robert Murray,pflores@harris.com,39,"685 Shawn Loaf, East Roger, FL 86171"
986,Pamela Holmes,faulknerdavid@gmail.com,32,"345 Roberts Island, South Desiree, KY 62297"
987,Cynthia Carpenter,trobinson@patterson.com,55,"3020 Michael Inlet, Port Connie, LA 65949"
988,Margaret Small,ycox@diaz.org,38,"435 Velasquez Throughway Apt. 975, East Jennifer, SD 71983"
989,Cheryl Marquez,richard19@burnett.biz,34,"0877 Rowland Fields Apt. 421, Brownview, OR 27898"
990,Connor Ward,joseph40@hotmail.com,41,"81829 Gonzalez Village, Emilychester, MN 96252"
991,Charles Myers,holmesjustin@yahoo.com,44,"48136 Jose Parkways Apt. 171, Jesseburgh, MT 30586"
992,Teresa Williams,delgadosherry@bridges.com,26,"09943 Rachael Island Suite 706, Sarahview, IA 78074"
993,Kristen Williams,longamanda@yahoo.com,31,"62950 Vanessa Inlet, Jonathanland, VT 23375"
994,Adam Collier,ekelly@yahoo.com,38,"68632 Jenna Ville Suite 416, Elizabethton, IA 64923"
995,John Moore,kingtracy@yahoo.com,31,"6594 Jacqueline Landing, Port Pamela, ND 73141"
996,Angela Campbell MD,michelle48@yahoo.com,51,"7994 Smith Plains Suite 184, East Susanton, AZ 52057"
997,Rachel Alvarado,kelseycooper@norris.com,31,"308 Drake Forks Apt. 754, Sheilatown, SD 25996"
998,Bobby Smith,troy77@allen-compton.com,54,"9653 Smith Square, South Louisview, NH 20845"
999,April Moore,adamsjames@cox.com,49,"445 Henson Ferry Suite 194, Lake Melvin, AL 56112"
1000,Nicole Burke,christinarichmond@hotmail.com,53,"933 Mcmillan Landing, Jodychester, ID 65455"
1001,Manikandan,emanikandan9750@gmail.com,20,"5/194 south street,chinnarkulam"
